unixTimestamp,CP3_value,CP3_status,C3_value,C3_status,F5_value,F5_status,PO3_value,PO3_status,PO4_value,PO4_status,F6_value,F6_status,C4_value,C4_status,CP4_value,CP4_status
1705701095183,12.24,good,11.86,good,14.76,good,9.02,great,11.73,good,21.1,bad,17.46,bad,14.79,good
1705701095184,12.24,good,11.86,good,14.76,good,9.02,great,11.73,good,21.1,bad,17.46,bad,14.79,good
1705701095210,10.51,good,8.52,great,7.89,great,12.61,good,15.11,bad,18.26,bad,13.71,good,13.42,good
1705701095638,2.41,great,5.04,great,2.99,great,6.73,great,9.42,great,2.99,great,3.16,great,2.47,great
1705701095910,3.15,great,3.05,great,3.55,great,3.7,great,3.89,great,5.18,great,4.8,great,4.51,great
1705701095998,3.7,great,4.94,great,2.82,great,4.89,great,5.15,great,5.88,great,5.86,great,5.34,great
1705701096233,6.83,great,8.23,great,5.28,great,5,great,7,great,9.96,great,8.24,great,6.54,great
1705701096483,6.2,great,6.7,great,4.92,great,5.05,great,6.48,great,14.18,good,13.19,good,9.24,great
1705701096857,4.79,great,6.74,great,4.42,great,7.58,great,7.24,great,13.29,good,10.85,good,8.78,great
1705701096965,5.55,great,2.83,great,3.19,great,13.6,good,6.48,great,8.98,great,7.82,great,8.52,great
1705701097207,4.6,great,5.71,great,4.12,great,10.72,good,5.68,great,7.68,great,6.35,great,7.22,great
1705701097460,5.88,great,4.5,great,6.42,great,11.01,good,6.81,great,9.85,great,9.61,great,7.29,great
1705701097871,4.39,great,3.52,great,8.33,great,9.44,great,7.16,great,8.36,great,4.16,great,5.27,great
1705701097979,3.85,great,3.09,great,3.55,great,2.83,great,9.97,great,3.99,great,3.1,great,4.6,great
1705701098212,2.74,great,3.53,great,4.32,great,7.45,great,19.71,bad,4.22,great,3.89,great,3.26,great
1705701098473,2.34,great,6.62,great,4.65,great,8.86,great,14.94,good,3.87,great,4.72,great,4.26,great
1705701098856,2.49,great,3.24,great,3.4,great,5.01,great,5.28,great,3.63,great,3.96,great,2.95,great
1705701098961,2.79,great,1.8,great,3.06,great,5.71,great,5.72,great,2.61,great,2.32,great,2.74,great
1705701099206,2.38,great,3.65,great,2.37,great,3.06,great,4.1,great,4.93,great,4.05,great,3.04,great
1705701099464,2.6,great,3.62,great,2.7,great,4.09,great,4.54,great,4.36,great,3.52,great,3.31,great
1705701099848,4.18,great,3.2,great,3.63,great,3.16,great,3.68,great,3.62,great,3.33,great,3.75,great
1705701099960,3.43,great,4.76,great,2.92,great,4,great,3.22,great,3.96,great,3.78,great,3.73,great
1705701100215,3.75,great,3,great,2.14,great,3.14,great,2,great,2.46,great,3.09,great,3.17,great
1705701100478,2.33,great,5,great,3.15,great,4.17,great,2.62,great,3.28,great,4.11,great,3.02,great
1705701100865,3.23,great,5.04,great,3.38,great,4.98,great,4.81,great,3.91,great,3.82,great,4.01,great
1705701101060,3.86,great,2.54,great,2.06,great,12.3,good,2.55,great,3.78,great,4.04,great,2.26,great
1705701101215,2.75,great,2.17,great,3.21,great,7.82,great,2.79,great,4.24,great,4.67,great,2.61,great
1705701101474,3.6,great,5.38,great,3.51,great,4.57,great,2.57,great,3.36,great,3.31,great,3.32,great
1705701101750,4.4,great,3.84,great,4.2,great,7.55,great,4.76,great,5.98,great,5.49,great,4.98,great
1705701101966,4.11,great,4.68,great,1.89,great,5.19,great,4.53,great,3.25,great,3.69,great,3.58,great
1705701102210,4.69,great,3.97,great,3.24,great,5.89,great,5.72,great,4.42,great,4.95,great,5.2,great
1705701102478,3.16,great,7.81,great,2.11,great,3.07,great,3.12,great,4.12,great,4.46,great,4.28,great
1705701102735,1.79,great,4.03,great,2.09,great,6.12,great,3.87,great,3.09,great,3.07,great,3.8,great
1705701103001,2.14,great,2.74,great,2.7,great,3.27,great,4.54,great,4.2,great,3.16,great,3.15,great
1705701103210,4.78,great,3.81,great,2.46,great,5.89,great,5.88,great,4.67,great,3.68,great,4.09,great
1705701103472,3.86,great,2.76,great,2.11,great,4.69,great,2.67,great,3.84,great,3.7,great,4.1,great
1705701103732,2.78,great,2.69,great,2.18,great,6.53,great,5,great,4.34,great,3.97,great,3.2,great
1705701103963,2.45,great,8.41,great,3.22,great,3.88,great,2.6,great,4,great,3.41,great,4.02,great
1705701104212,3.11,great,3.29,great,3,great,8.59,great,2.01,great,3.08,great,3.04,great,2.22,great
1705701104461,2.09,great,4.02,great,2.96,great,4.18,great,3.25,great,3.16,great,2.23,great,2.5,great
1705701104722,3.7,great,7.83,great,2.94,great,3.97,great,3.27,great,3.33,great,3.17,great,2.39,great
1705701104964,4.61,great,9.28,great,4.49,great,10.59,good,8.11,great,6.78,great,8.39,great,7.48,great
1705701105210,3.61,great,5.12,great,1.88,great,18.45,bad,7.29,great,4.23,great,3.91,great,3.83,great
1705701105465,1.62,great,5.58,great,4.05,great,13.82,good,3.63,great,4.64,great,4.19,great,4.01,great
1705701105745,3.86,great,9.36,great,3.68,great,7.71,great,4.11,great,4.17,great,5.52,great,4.47,great
1705701105984,2.28,great,5.97,great,2.18,great,3.72,great,2.76,great,3.85,great,3.98,great,3.23,great
1705701106292,3.54,great,5.8,great,3.66,great,3.33,great,5.53,great,4.92,great,4.85,great,3.87,great
1705701106607,5.07,great,13.33,good,2.26,great,6.04,great,6.67,great,6.15,great,6.27,great,5.79,great
1705701106717,7.49,great,4.62,great,10.37,good,14.91,good,9.94,great,6.91,great,8.55,great,12.3,good
1705701106968,5.24,great,6.06,great,7.14,great,10.79,good,7.09,great,4.72,great,5.73,great,7.59,great
1705701107215,4.96,great,8.53,great,2.87,great,6.89,great,7.48,great,3.89,great,4.03,great,4.43,great
1705701107606,2.2,great,4.55,great,1.99,great,2.79,great,5.33,great,3.78,great,2.93,great,2.39,great
1705701107723,3.63,great,4.18,great,3.99,great,4.05,great,4.45,great,5.19,great,6.42,great,4.32,great
1705701107996,2.78,great,4.88,great,3.11,great,5.87,great,9.52,great,3.74,great,4.31,great,3.51,great
1705701108229,2.43,great,4.2,great,2.89,great,3.51,great,6.34,great,3.67,great,2.69,great,3.19,great
1705701108617,3.61,great,3.38,great,2.57,great,5.21,great,8.35,great,3.62,great,3.52,great,4.91,great
1705701108782,2.86,great,4.17,great,1.95,great,5.05,great,2.48,great,3.08,great,3.36,great,3.17,great
1705701108964,3.53,great,5.3,great,2.31,great,3.83,great,4.11,great,3.56,great,3.47,great,3.43,great
1705701109212,2.2,great,2.16,great,2.74,great,4.31,great,4.07,great,4.67,great,3.27,great,2.43,great
1705701109615,2.11,great,5.62,great,1.74,great,3.21,great,3.34,great,2.81,great,3.19,great,3.3,great
1705701109710,3.3,great,3.73,great,2.48,great,2.44,great,2.21,great,4.41,great,3.59,great,2.27,great
1705701109961,3.28,great,2.66,great,2.52,great,2.9,great,4.04,great,4.22,great,3.87,great,3.11,great
1705701110233,1.86,great,2.95,great,1.93,great,3.8,great,4.26,great,3.22,great,4.08,great,3.25,great
1705701110610,1.58,great,4.06,great,2.12,great,4.66,great,3.65,great,3.5,great,3.12,great,3.67,great
1705701110719,2.15,great,2.81,great,2.66,great,3.84,great,4.87,great,3.79,great,3.01,great,3.83,great
1705701110981,3.57,great,5.73,great,2.42,great,2.9,great,2.46,great,4.55,great,4.47,great,2.5,great
1705701111249,3.06,great,4.21,great,2.38,great,3.78,great,3.37,great,2.68,great,2.96,great,2.92,great
1705701111505,3.1,great,5.8,great,2.81,great,3.15,great,3.2,great,2.03,great,2.42,great,2.72,great
1705701111710,3.74,great,4.06,great,2.89,great,3.61,great,3.53,great,4.11,great,5.25,great,4.78,great
1705701111962,3.34,great,3.76,great,3,great,4.9,great,3.03,great,4.87,great,3.5,great,4.49,great
1705701112211,3.04,great,3.82,great,2.01,great,4.38,great,8.13,great,3.04,great,2.4,great,3.02,great
1705701112491,2.88,great,4.4,great,4.38,great,5.28,great,8.61,great,4.27,great,3.57,great,2.54,great
1705701112718,4.43,great,9.19,great,6.87,great,5.42,great,5.6,great,5.01,great,6.67,great,4.28,great
1705701112967,3.72,great,10.23,good,9.75,great,13.35,good,11.78,good,4.87,great,9.21,great,2.9,great
1705701113214,12.63,good,17.02,bad,11.55,good,99.87,bad,32.36,bad,9.54,great,24.83,bad,11.16,good
1705701113482,10.36,good,15.86,bad,10.35,good,30.47,bad,21.17,bad,15.61,bad,112.18,bad,8.56,great
1705701113708,8.24,great,22.01,bad,13.88,good,74.9,bad,14.61,good,17.19,bad,65.79,bad,8.83,great
1705701113969,7.14,great,32.32,bad,16.7,bad,62.99,bad,15.12,bad,26.74,bad,33.06,bad,6.83,great
1705701114212,3.48,great,56.72,bad,13.98,good,27.06,bad,28.37,bad,25.07,bad,11.65,good,4.59,great
1705701114499,3.92,great,36.04,bad,5.7,great,12.94,good,13.88,good,10.53,good,8.2,great,3.71,great
1705701114713,5.25,great,24.95,bad,10.83,good,79.37,bad,32.71,bad,8.41,great,82.8,bad,4.93,great
1705701114961,5.6,great,25.06,bad,12.64,good,83.85,bad,28.87,bad,11.95,good,58.1,bad,5.57,great
1705701115212,3.6,great,7.78,great,9.02,great,15.9,bad,53.54,bad,4.67,great,26.74,bad,3.59,great
1705701115505,2.46,great,22.53,bad,2.85,great,116.52,bad,60.89,bad,4.79,great,61.97,bad,5.07,great
1705701115711,3.86,great,27.6,bad,12.03,good,19.15,bad,17.06,bad,4.55,great,10.56,good,3.37,great
1705701115992,2.04,great,13.14,good,12.96,good,40.86,bad,14.99,good,16.14,bad,13.52,good,3.43,great
1705701116228,4.73,great,13,good,8.39,great,17.26,bad,6.77,great,27.85,bad,13.52,good,4.54,great
1705701116569,4.06,great,5.77,great,17.45,bad,11.3,good,7.53,great,7.62,great,7.19,great,4,great
1705701116714,2.17,great,9.86,great,6.39,great,6.67,great,2.8,great,6.89,great,4.85,great,2.89,great
1705701116968,3.49,great,15.77,bad,5.05,great,11.26,good,3.92,great,4.38,great,5.89,great,3.92,great
1705701117354,2.89,great,3.21,great,2.95,great,6.55,great,3,great,2.87,great,4.31,great,2.88,great
1705701117471,2.82,great,7.38,great,14.54,good,7.19,great,7.28,great,9.61,great,32.14,bad,3.96,great
1705701117850,3.4,great,7.98,great,14.33,good,8.87,great,5.17,great,5.61,great,13.08,good,2.62,great
1705701117975,3.91,great,3.31,great,6.95,great,6.25,great,4.47,great,2.74,great,11.62,good,3.81,great
1705701118351,4.14,great,10.08,good,4.62,great,7.38,great,11.38,good,4.92,great,7.16,great,5.05,great
1705701118474,3.83,great,2.87,great,2.6,great,5.25,great,9.19,great,3.09,great,6.11,great,3.91,great
1705701118713,3.03,great,4.29,great,4.21,great,3.75,great,3.6,great,4.84,great,6.99,great,2.79,great
1705701118961,3.35,great,4.31,great,4.73,great,9,great,4.96,great,5.13,great,5.65,great,4.38,great
1705701119354,4.18,great,3.42,great,5.13,great,4.63,great,3.12,great,4.52,great,3.79,great,4.22,great
1705701119469,3.19,great,5.3,great,3.82,great,11.29,good,2.94,great,4.4,great,3.86,great,3.49,great
1705701119712,2.23,great,8.2,great,2.21,great,12.95,good,4.55,great,2.92,great,4.7,great,3.28,great
1705701119973,2.93,great,4.17,great,3.89,great,15.57,bad,5.43,great,3.19,great,2.86,great,2.23,great
1705701120426,2.7,great,3.28,great,3.12,great,13.1,good,4.02,great,4.02,great,4.09,great,2.87,great
1705701120524,3.89,great,4.53,great,3.89,great,12.19,good,5.19,great,4.74,great,6.76,great,4.69,great
1705701120716,5.53,great,5.08,great,4.4,great,10,great,4.03,great,3.91,great,5.05,great,5.71,great
1705701120979,4.14,great,4.09,great,3.64,great,11.08,good,5.33,great,3.42,great,4.94,great,5.46,great
1705701121426,3.52,great,2.87,great,3.07,great,6.59,great,6.92,great,4.78,great,5.64,great,3.46,great
1705701121474,3.66,great,4.13,great,2.96,great,12.33,good,11.63,good,4.33,great,4.35,great,3.18,great
1705701121715,2.83,great,4.95,great,3.09,great,13.14,good,9.97,great,4.08,great,3.85,great,2.85,great
1705701121973,2.48,great,4.91,great,3.14,great,14.54,good,4.07,great,2.67,great,2.61,great,2.59,great
1705701122234,3.6,great,3.39,great,3.31,great,15.71,bad,4.02,great,3.19,great,5.08,great,4.64,great
1705701122460,3.43,great,4.65,great,2.77,great,10.55,good,5.08,great,5.11,great,3.86,great,3.99,great
1705701122774,2.31,great,4.69,great,2.25,great,4.67,great,3.92,great,2.34,great,3.47,great,3.96,great
1705701122970,2.63,great,7.63,great,3.13,great,3.79,great,3.79,great,3.04,great,3.86,great,3.31,great
1705701123268,6.4,great,9.58,great,5.56,great,6.74,great,7.32,great,5.58,great,7.57,great,6.63,great
1705701123465,3.68,great,4.16,great,4.04,great,10.51,good,5.12,great,5.33,great,3.21,great,3.32,great
1705701123720,3.03,great,7.95,great,6.72,great,63.68,bad,3.74,great,5.4,great,3.39,great,4.03,great
1705701123970,3.48,great,4.43,great,3.46,great,141.88,bad,9.62,great,6.99,great,26.35,bad,3.86,great
1705701124221,4.6,great,4.93,great,11.5,good,74.96,bad,7.66,great,12.25,good,11.7,good,5.97,great
1705701124464,4.38,great,14.09,good,7.63,great,67.76,bad,15.34,bad,7.89,great,19.08,bad,4.86,great
1705701124725,4.43,great,4.82,great,12.6,good,57.23,bad,24.75,bad,12.81,good,110.53,bad,7.19,great
1705701124966,10.47,good,24.26,bad,14.29,good,44.17,bad,55.95,bad,7.99,great,92.9,bad,11.86,good
1705701125238,9.05,great,39.91,bad,10.31,good,99.25,bad,26.84,bad,53.87,bad,45.29,bad,9.34,great
1705701126039,5.49,great,16.03,bad,9.05,great,148.37,bad,33.95,bad,63.05,bad,16.11,bad,3.58,great
1705701126061,8.37,great,47.99,bad,22.36,bad,168,bad,28.56,bad,45.04,bad,24.55,bad,8.61,great
1705701126080,4.24,great,27.95,bad,11.22,good,125.98,bad,22.98,bad,14.46,good,10.04,good,4.59,great
1705701126278,3.35,great,17.8,bad,27.14,bad,55,bad,15.52,bad,9.31,great,24.14,bad,3.67,great
1705701126483,3.58,great,12.81,good,20.94,bad,58.84,bad,36.38,bad,8.59,great,21.43,bad,4.79,great
1705701126725,3.15,great,24.25,bad,6.13,great,9.1,great,11.2,good,4.91,great,23.2,bad,3.92,great
1705701127107,3.03,great,19.38,bad,5.86,great,20.57,bad,8.77,great,6.19,great,14.4,good,3.92,great
1705701127219,2.5,great,13.35,good,2.9,great,23.91,bad,6.46,great,4.36,great,7.01,great,2.77,great
1705701127469,3.29,great,12.02,good,5.07,great,8.33,great,6.33,great,4.14,great,4.45,great,3.74,great
1705701127756,3.55,great,17.33,bad,4.08,great,17.98,bad,5.7,great,3.37,great,3.66,great,3.17,great
1705701128106,3.17,great,13.67,good,3.32,great,4.79,great,5.07,great,6.17,great,6.61,great,3.6,great
1705701128209,2.66,great,10.97,good,3.36,great,9.71,great,3.58,great,10.44,good,7.67,great,3.78,great
1705701128464,2.96,great,13.04,good,4.08,great,6.28,great,4.13,great,4.76,great,5.2,great,3.8,great
1705701128712,3.76,great,11.86,good,2.9,great,5.17,great,7.62,great,5.54,great,5.84,great,6.23,great
1705701129106,3.77,great,10.99,good,4.72,great,14.29,good,7.44,great,7.77,great,10.17,good,5.13,great
1705701129226,3.83,great,15.68,bad,3.84,great,6.94,great,9.17,great,3.04,great,6.99,great,3.45,great
1705701129476,2.37,great,8.39,great,2.83,great,9.04,great,5.35,great,6.06,great,11.68,good,3.19,great
1705701129711,3.22,great,8.65,great,5.04,great,10.59,good,3.29,great,5.28,great,7.99,great,3.46,great
1705701130102,3.84,great,8.05,great,4.63,great,6.09,great,9.21,great,5.25,great,5,great,3.35,great
1705701130211,4.5,great,8.55,great,2.27,great,7.08,great,14.56,good,4.34,great,4.07,great,5.08,great
1705701130486,8.25,great,12.9,good,7.55,great,11.48,good,6.21,great,7.06,great,13.23,good,8.17,great
1705701130726,7.03,great,13.95,good,9.12,great,7.65,great,6.06,great,26.29,bad,15.71,bad,9.09,great
1705701131153,3.23,great,8.78,great,4.43,great,17.42,bad,9.81,great,9.78,great,11.72,good,3.85,great
1705701131244,4.37,great,9.53,great,3.58,great,9.51,great,13.5,good,5.51,great,4.89,great,4.47,great
1705701131474,2.81,great,9.95,great,3.78,great,16.15,bad,9,great,4.45,great,12.9,good,3.9,great
1705701131707,3.62,great,8.28,great,2.95,great,12.81,good,4.18,great,7.17,great,12.85,good,3.93,great
1705701132110,2.79,great,9.58,great,2.95,great,7.27,great,9.58,great,5.59,great,11,good,4.05,great
1705701132217,3.32,great,14.41,good,3.47,great,10.86,good,11.2,good,4.46,great,5.52,great,4.08,great
1705701132475,4.98,great,14.34,good,6.35,great,14.04,good,10.6,good,5.75,great,7.16,great,4.48,great
1705701132713,2.48,great,7.77,great,6.19,great,13.56,good,7.36,great,3.67,great,7.27,great,3.6,great
1705701132999,4.39,great,5.63,great,6.29,great,8.19,great,6.97,great,4.41,great,9.28,great,4.69,great
1705701133212,2.86,great,8.4,great,2.85,great,4.49,great,4.87,great,4.25,great,6.12,great,4.53,great
1705701133462,2.21,great,17.1,bad,2.67,great,5.17,great,4.29,great,4.04,great,4.69,great,4.1,great
1705701133710,2.64,great,11.37,good,2.7,great,6.27,great,2.21,great,4.74,great,4.99,great,2.5,great
1705701133990,2.47,great,9.82,great,2.77,great,8.79,great,3.5,great,5.34,great,5.16,great,2.76,great
1705701134225,4.8,great,9.21,great,4.12,great,5.31,great,2.93,great,7.39,great,5.36,great,4.46,great
1705701134462,5.04,great,12.88,good,4.97,great,6.1,great,4.44,great,6.61,great,4.57,great,5.25,great
1705701134715,3.96,great,9.69,great,6.08,great,12.56,good,7.78,great,4.84,great,5.58,great,5.06,great
1705701134986,3.19,great,8.48,great,2.91,great,10.06,good,6.8,great,4.33,great,4.59,great,4.42,great
1705701135224,2.33,great,37.99,bad,2.77,great,9,great,5.65,great,3.71,great,4.7,great,3.18,great
1705701135481,4.79,great,12.79,good,5.62,great,5.84,great,8.77,great,5.17,great,5.32,great,4.33,great
1705701135717,4.58,great,8.98,great,3.51,great,4.37,great,5.33,great,5.5,great,6.73,great,5.46,great
1705701136062,2.69,great,7.7,great,2.84,great,5.68,great,3.4,great,2.39,great,3.09,great,2.66,great
1705701136234,2.76,great,6.22,great,3.04,great,9.72,great,7.62,great,3.86,great,5.12,great,4.51,great
1705701136476,2.97,great,10.68,good,4.25,great,3.94,great,6.04,great,4.8,great,4.97,great,4.33,great
1705701136722,4.01,great,5.3,great,3.24,great,6.6,great,4.75,great,3.49,great,5.27,great,4.27,great
1705701136994,2.44,great,8.35,great,4.27,great,11.36,good,4.43,great,4.32,great,4.35,great,3.74,great
1705701137244,3.5,great,10.09,good,4.01,great,5.84,great,3.52,great,2.9,great,4.37,great,3.1,great
1705701137464,2.94,great,5.53,great,3.18,great,4.59,great,4.24,great,4.68,great,5.24,great,3.88,great
1705701137861,3.28,great,4.39,great,3.58,great,6.21,great,4.81,great,4.79,great,3.94,great,3.62,great
1705701137966,2.51,great,5.73,great,3.86,great,14.79,good,5.23,great,2.82,great,3.18,great,3.13,great
1705701138217,3.15,great,7.32,great,2.51,great,6.04,great,5.02,great,2.81,great,3.92,great,4.28,great
1705701138476,2.37,great,7.03,great,4.44,great,7.4,great,3.56,great,4.09,great,3.65,great,2.91,great
1705701138857,1.72,great,7.17,great,5.07,great,10.63,good,6.31,great,3.81,great,4.79,great,3.44,great
1705701138965,2.57,great,7.27,great,5.07,great,4.43,great,4.9,great,4.26,great,4.21,great,4.06,great
1705701139212,2.82,great,6.42,great,3,great,5.67,great,6.29,great,2.77,great,2.42,great,2.35,great
1705701139464,3.11,great,6.24,great,4.04,great,4.93,great,21.5,bad,3.23,great,3.59,great,3.22,great
1705701139892,3.47,great,6.34,great,2.57,great,5.4,great,5.56,great,3.51,great,3,great,2.63,great
1705701139999,3.45,great,6.25,great,3.37,great,3.21,great,6.32,great,5.34,great,3.63,great,4.48,great
1705701140241,3.39,great,6.97,great,3.36,great,7,great,2.91,great,5.63,great,2.88,great,3.15,great
1705701140479,2.35,great,7.62,great,2.76,great,4.88,great,3.4,great,4.33,great,4.9,great,4.49,great
1705701140872,2.95,great,7.54,great,2.51,great,3.59,great,4.33,great,3,great,3.36,great,3.18,great
1705701141087,3.54,great,7.44,great,3.53,great,5.27,great,3.52,great,4.65,great,3.62,great,4.04,great
1705701141230,2.86,great,3.06,great,2.43,great,3.59,great,4.02,great,2.89,great,3.17,great,2.41,great
1705701141490,2.21,great,10.68,good,2.13,great,3.07,great,3.46,great,3.71,great,4,great,3.66,great
1705701141850,5.2,great,5.72,great,6.11,great,5.86,great,5.39,great,5.14,great,5.1,great,6.08,great
1705701141973,7.48,great,3.33,great,6.27,great,5.77,great,9.49,great,7.81,great,7.3,great,7.71,great
1705701142215,10.14,good,20.72,bad,6.1,great,26.16,bad,8.94,great,11.86,good,13.74,good,10.02,good
1705701142463,19.51,bad,17.11,bad,10.82,good,26.88,bad,20.05,bad,19.93,bad,16.01,bad,21.28,bad
1705701142765,10.34,good,22.41,bad,7.82,great,21.67,bad,9.71,great,9.98,great,18.06,bad,12.38,good
1705701142971,4.4,great,20.9,bad,4.2,great,33.53,bad,8.75,great,7.58,great,16.61,bad,4.62,great
1705701143217,4,great,9.2,great,12.29,good,20.85,bad,5.13,great,6.13,great,18.72,bad,4.03,great
1705701143469,2.96,great,8.4,great,12.49,good,46.12,bad,6.46,great,7.64,great,8.21,great,4.23,great
1705701143728,2.98,great,4.72,great,6.99,great,26.57,bad,4.03,great,4.78,great,6.04,great,2.72,great
1705701143959,2.23,great,8.88,great,4.49,great,23.33,bad,3.02,great,5.56,great,4.69,great,3.46,great
1705701144208,3.07,great,3.8,great,5.89,great,26.95,bad,4.53,great,6.09,great,5.75,great,4.38,great
1705701144462,2.61,great,4.44,great,3.14,great,8.62,great,3.22,great,3.91,great,5.07,great,3.21,great
1705701144740,2.62,great,3.86,great,3.08,great,2.58,great,3.55,great,4.03,great,2.89,great,3.55,great
1705701144969,2.57,great,3.06,great,3.33,great,5.01,great,2.89,great,4.79,great,7.03,great,3.11,great
1705701145210,2.91,great,5.85,great,5.38,great,4.99,great,3.6,great,3.98,great,7.03,great,3.13,great
1705701145479,2.72,great,3.17,great,4.36,great,1.96,great,3.46,great,4.57,great,2.73,great,3.09,great
1705701145732,2.46,great,4.2,great,2.85,great,5,great,3.49,great,3.63,great,8.97,great,3.73,great
1705701145964,2.5,great,9.38,great,5.58,great,3.28,great,3.01,great,3.51,great,9.13,great,2.75,great
1705701146217,1.81,great,3.08,great,2.19,great,2.5,great,2.5,great,3.11,great,5.64,great,2.55,great
1705701146533,4.98,great,9.02,great,4.23,great,10.24,good,5.12,great,4.22,great,9.65,great,5.38,great
1705701146732,8.15,great,11.13,good,7.88,great,7.62,great,10.62,good,18.53,bad,28.2,bad,7.64,great
1705701146963,9.55,great,41.54,bad,8.12,great,17.44,bad,11.55,good,18.95,bad,32.55,bad,8.34,great
1705701147211,2.85,great,24.89,bad,14.64,good,112.55,bad,25.6,bad,8.63,great,24.3,bad,3,great
1705701147463,2.5,great,22.9,bad,20.4,bad,173.99,bad,27.16,bad,13.43,good,16.57,bad,4.4,great
1705701147737,3.25,great,60.88,bad,14.85,good,78.59,bad,19.36,bad,8.26,great,50.57,bad,1.77,great
1705701147968,4.6,great,19.08,bad,10.15,good,79.91,bad,26.49,bad,6.26,great,38.29,bad,4.23,great
1705701148207,2.18,great,11.21,good,4.88,great,43.53,bad,7.28,great,5.84,great,22.58,bad,2.78,great
1705701148607,3.51,great,6.07,great,2.29,great,47.21,bad,5.31,great,6.45,great,30.83,bad,3.56,great
1705701148711,3.08,great,3.21,great,4.95,great,42.57,bad,6.24,great,6.03,great,40.55,bad,3.5,great
1705701148971,2.66,great,9.54,great,5.38,great,18.2,bad,6.22,great,6.58,great,17.31,bad,3.39,great
1705701149222,2.4,great,6.53,great,5.68,great,13.72,good,3.09,great,18.04,bad,7.83,great,2.79,great
1705701149611,4.89,great,3.85,great,3.62,great,14.71,good,5.35,great,15.53,bad,6.93,great,5.06,great
1705701149714,8.43,great,7.24,great,10.54,good,24.23,bad,23.95,bad,27.87,bad,16.4,bad,13.19,good
1705701149958,6.52,great,12.46,good,7.68,great,13.18,good,14.71,good,21.46,bad,14.64,good,10.96,good
1705701150215,4.66,great,7.72,great,4.52,great,7.48,great,5.98,great,12.84,good,8.22,great,6.64,great
1705701150629,2.48,great,4.33,great,3.75,great,8.76,great,2.52,great,5.02,great,7.49,great,3.58,great
1705701150720,2.56,great,8.35,great,3.12,great,8.62,great,4.57,great,3.1,great,5.19,great,3.82,great
1705701150961,2.81,great,5.24,great,3.05,great,9.72,great,2.83,great,3.51,great,3.77,great,3,great
1705701151226,4.15,great,3.05,great,3.18,great,14.37,good,6,great,2.89,great,4.27,great,3.36,great
1705701151606,2.37,great,5.26,great,1.94,great,3.91,great,3.05,great,2.28,great,2.58,great,2.82,great
1705701151740,2.44,great,2.83,great,2.68,great,5.31,great,5.33,great,4.28,great,6.18,great,4.79,great
1705701151960,2.24,great,7.4,great,3.6,great,13.3,good,4.67,great,2.75,great,3.56,great,3.49,great
1705701152215,2,great,5.41,great,3.13,great,9.39,great,3.68,great,3.86,great,2.4,great,2.23,great
1705701152604,2.31,great,3.02,great,2.69,great,14.25,good,1.93,great,3.33,great,3.49,great,2.28,great
1705701152714,2.65,great,3.1,great,4.34,great,14.19,good,3.92,great,4.52,great,5.61,great,4.36,great
1705701152966,2.34,great,3.41,great,2.04,great,5.18,great,2.74,great,5.06,great,2.61,great,3.85,great
1705701153228,2.5,great,2.35,great,1.81,great,4.07,great,3.66,great,3.78,great,2.26,great,3.24,great
1705701153480,3.03,great,4.89,great,4.51,great,7.31,great,3.92,great,5.59,great,5.22,great,4.17,great
1705701153713,2.5,great,4.98,great,2.74,great,14.52,good,3.55,great,4.94,great,5.03,great,4.68,great
1705701153962,4.22,great,4.18,great,2.63,great,5.34,great,3.99,great,4.79,great,5.31,great,4.79,great
1705701154210,3.23,great,4.9,great,5.67,great,7.94,great,3.7,great,6.36,great,3.16,great,4.73,great
1705701154501,6.7,great,3,great,4.34,great,9.75,great,4.23,great,5.24,great,6.23,great,4.76,great
1705701154713,8.94,great,7.9,great,6.26,great,12.77,good,15.96,bad,11.69,good,14.27,good,10.38,good
1705701154960,9.89,great,34.92,bad,11.63,good,9.49,great,15.47,bad,26.72,bad,26.91,bad,7.64,great
1705701155211,8.17,great,11.68,good,10.16,good,15.16,bad,13.1,good,16.4,bad,13.53,good,8.16,great
1705701155532,2.71,great,5.18,great,8.02,great,36.55,bad,15.39,bad,9,great,20.94,bad,3.3,great
1705701155716,1.86,great,5.63,great,7.74,great,99.86,bad,6.96,great,6.33,great,32.44,bad,3.12,great
1705701155963,2.72,great,3.8,great,5.84,great,110.45,bad,3.79,great,4.63,great,54.33,bad,1.96,great
1705701156219,2.87,great,3.6,great,8.74,great,35.95,bad,4.45,great,5.71,great,12.75,good,3.03,great
1705701156486,2.58,great,9.78,great,5.62,great,15.63,bad,2.45,great,9.34,great,4.08,great,3.34,great
1705701156710,3.23,great,5.98,great,2.35,great,8.9,great,3.35,great,2.68,great,3.99,great,3.92,great
1705701156961,2.84,great,6.25,great,2.67,great,21.92,bad,4.03,great,3.4,great,5.22,great,4.11,great
1705701157209,2.07,great,8.43,great,2.99,great,26.87,bad,1.85,great,3.9,great,5.97,great,2.73,great
1705701157484,3.2,great,6.63,great,5.27,great,8.05,great,6.31,great,6.43,great,7.15,great,3.91,great
1705701157713,4.05,great,6.85,great,3.89,great,7.44,great,5.04,great,4.65,great,6.78,great,4.57,great
1705701157966,2.63,great,4.93,great,3.65,great,7.01,great,5.92,great,4.43,great,5.02,great,3.89,great
1705701158380,3.06,great,7.46,great,3.76,great,10.46,good,4.88,great,5.47,great,4.82,great,3.69,great
1705701158460,2.6,great,6.32,great,4.42,great,5.15,great,3.78,great,4.27,great,4.2,great,4.81,great
1705701158715,5.38,great,8.56,great,6.34,great,4.95,great,5.58,great,10.58,good,7.57,great,7.13,great
1705701158965,4.61,great,17.57,bad,7.78,great,13.74,good,3.98,great,11.2,good,7.65,great,6.07,great
1705701159378,3.18,great,6.73,great,3.69,great,15.16,bad,3.78,great,4.01,great,11.31,good,4.56,great
1705701159540,2.86,great,4.83,great,2.24,great,8.07,great,3.6,great,5.54,great,14.64,good,3.72,great
1705701159711,2.79,great,9.62,great,3.64,great,7.82,great,6.65,great,6.52,great,11.05,good,4.06,great
1705701159957,2.29,great,2.38,great,2.13,great,5.23,great,3.86,great,6.34,great,12.71,good,2.92,great
1705701160356,2.92,great,5.16,great,5.67,great,6.13,great,3.87,great,5.5,great,6.9,great,4.24,great
1705701160463,3.99,great,9.75,great,3.63,great,16.26,bad,5.56,great,4.92,great,5.85,great,5.68,great
1705701160717,2.32,great,6.74,great,2.28,great,6.9,great,4.68,great,3.58,great,4.06,great,3.3,great
1705701160964,1.83,great,6.14,great,3.04,great,12.79,good,3.7,great,3.19,great,2.37,great,3.52,great
1705701161355,3.8,great,9.09,great,3.19,great,7.29,great,5.33,great,7.67,great,5.01,great,4.82,great
1705701161480,3.75,great,8.29,great,2.74,great,8.54,great,4.71,great,4.9,great,4.88,great,4.28,great
1705701161711,2.64,great,3.78,great,3.2,great,7.45,great,2.94,great,4.2,great,3.46,great,3.92,great
1705701161960,2.84,great,3.07,great,3.52,great,4.94,great,3.81,great,3.17,great,2.3,great,2.61,great
1705701162354,3.39,great,6.81,great,4.17,great,10.25,good,3.03,great,5.75,great,4.23,great,3.44,great
1705701162468,3.54,great,3.7,great,3.25,great,8.48,great,5,great,3.22,great,5.52,great,4.92,great
1705701162713,2.52,great,3.57,great,3.3,great,9.75,great,4.76,great,3.77,great,4.83,great,3.13,great
1705701162964,3.3,great,5.47,great,3.83,great,3.91,great,2.5,great,5.06,great,3.79,great,3.45,great
1705701163352,2.41,great,3.44,great,3.5,great,9.11,great,3.62,great,4.45,great,3.23,great,2.91,great
1705701163465,2.59,great,3.79,great,3.44,great,8.24,great,3.14,great,5.22,great,4.25,great,2.89,great
1705701163714,2.83,great,8.14,great,5.24,great,4.19,great,2.69,great,5.16,great,4.19,great,3.11,great
1705701163965,3.82,great,4.23,great,3.8,great,3.67,great,6.96,great,5.24,great,5.54,great,5.09,great
1705701164241,3.85,great,11.58,good,3.59,great,27.65,bad,4.88,great,4.76,great,8.77,great,4.86,great
1705701164463,8.59,great,18.5,bad,8.28,great,35.84,bad,6.11,great,13.37,good,21.09,bad,7.68,great
1705701164711,3.48,great,4.12,great,7.88,great,53.39,bad,10.01,good,8.4,great,26.15,bad,5.53,great
1705701164960,2.44,great,13.44,good,12.17,good,16.92,bad,29.46,bad,11.62,good,25.36,bad,3.47,great
1705701165226,2.54,great,8.7,great,8.14,great,32.05,bad,10.22,good,4.51,great,9.8,great,4.44,great
1705701165459,3.3,great,6.75,great,11.15,good,131.87,bad,6.41,great,9.19,great,31.51,bad,3.84,great
1705701165731,2.81,great,11.33,good,5.43,great,23.95,bad,17.35,bad,4.18,great,52.65,bad,3.46,great
1705701165974,3.4,great,6.25,great,5.9,great,47.31,bad,15.12,bad,7.52,great,34.09,bad,3.71,great
1705701166275,4.12,great,6.17,great,3.22,great,40.08,bad,6.3,great,7.32,great,26.28,bad,2.5,great
1705701166539,3.93,great,10.78,good,3.95,great,35.6,bad,5.57,great,5.66,great,12.83,good,4.96,great
1705701166715,3.17,great,8.58,great,15.57,bad,11.11,good,4.94,great,6.14,great,22.5,bad,3.06,great
1705701166962,2.86,great,4.63,great,16.53,bad,5.19,great,5.07,great,4.33,great,10.47,good,2.89,great
1705701167235,1.93,great,4.11,great,8.34,great,9,great,4.06,great,4.38,great,8.55,great,2.84,great
1705701167471,2.69,great,4.91,great,3.26,great,6.44,great,3.95,great,5.04,great,16.19,bad,4.25,great
1705701167720,3.68,great,8.39,great,3.91,great,7.37,great,4.46,great,4.48,great,7.41,great,4.76,great
1705701167980,2.92,great,7.83,great,3.99,great,7.19,great,3.35,great,8,great,5.62,great,3.64,great
1705701168254,2.04,great,7.62,great,3.41,great,10.75,good,5.13,great,7.65,great,9.06,great,3.65,great
1705701168498,3.49,great,3.02,great,3.35,great,9.16,great,3.96,great,2.68,great,5.94,great,3.55,great
1705701168728,3.04,great,8.15,great,2.72,great,10.03,good,4.92,great,3.42,great,3.93,great,3.56,great
1705701169106,2.41,great,8.14,great,7.02,great,14.22,good,4.72,great,7,great,7.6,great,5.18,great
1705701169237,2.39,great,5.47,great,6.26,great,6.75,great,2.88,great,3.12,great,4.08,great,2.74,great
1705701169465,4.06,great,3.78,great,12.63,good,8.44,great,5.8,great,4.84,great,5.35,great,5.05,great
1705701169714,5.2,great,4.13,great,8.9,great,8.48,great,6.66,great,5.57,great,4.56,great,4.65,great
1705701170094,3.84,great,7.46,great,4.23,great,13.59,good,4.63,great,3.72,great,4.38,great,4.21,great
1705701170212,3.16,great,5.63,great,5.22,great,9.08,great,3.56,great,3.74,great,3.42,great,2.92,great
1705701170456,2.74,great,8.23,great,9.98,great,9.37,great,4.72,great,4.53,great,4.81,great,3.74,great
1705701170717,3.92,great,4.95,great,21.36,bad,4.91,great,5.18,great,3.76,great,5.27,great,3.94,great
1705701171125,4.6,great,6.08,great,5.54,great,6.17,great,6.02,great,4.61,great,4.91,great,4.04,great
1705701171226,3.36,great,8.27,great,3.48,great,3.89,great,5.52,great,7.97,great,3.98,great,5.1,great
1705701171463,8.37,great,11.43,good,11.43,good,16.5,bad,16.92,bad,13.65,good,12.63,good,14.6,good
1705701171716,6.6,great,5.36,great,6.04,great,9.63,great,10.23,good,7.04,great,8.61,great,9.19,great
1705701172096,2.94,great,5.71,great,3.13,great,9,great,4.77,great,3.63,great,4.07,great,2.64,great
1705701172210,3.18,great,3.85,great,2.99,great,4.64,great,5.55,great,4.66,great,3.73,great,3.33,great
1705701172463,3.1,great,5.54,great,3.72,great,5.89,great,5.34,great,3.96,great,3.93,great,4.44,great
1705701172711,2.96,great,4.47,great,3.19,great,4.59,great,4.74,great,3.92,great,4.31,great,4.49,great
1705701173107,2.87,great,7.32,great,7.9,great,4.14,great,2.67,great,5.59,great,4.57,great,3.5,great
1705701173221,2.78,great,3.72,great,3.24,great,5.94,great,3.17,great,3.46,great,3.97,great,4.14,great
1705701173477,2.87,great,7.61,great,4.06,great,2.93,great,2.87,great,4.29,great,2.95,great,2.73,great
1705701173716,3.97,great,4.01,great,3.08,great,5.02,great,3.48,great,5.17,great,3.35,great,4.62,great
1705701174006,4.05,great,4,great,2.98,great,3.8,great,3.75,great,5.49,great,4.19,great,5.1,great
1705701174227,3.35,great,5.72,great,2.86,great,3.75,great,4.13,great,3.37,great,3.94,great,4.09,great
1705701174486,4.06,great,10.91,good,2.97,great,3.22,great,3,great,4.62,great,3.47,great,3.85,great
1705701174747,1.98,great,5.07,great,3.03,great,2.38,great,3.39,great,3.22,great,3.27,great,2.23,great
1705701174979,2.73,great,5.82,great,2.42,great,5.06,great,5.62,great,4.22,great,4.31,great,4.7,great
1705701175214,3.15,great,5.54,great,2.26,great,3.66,great,4.43,great,4.75,great,3.79,great,4.62,great
1705701175468,3.52,great,7.41,great,2.81,great,5.5,great,4.84,great,5.02,great,2.98,great,3.81,great
1705701175726,2.47,great,6.51,great,2.48,great,2.74,great,3.2,great,3.38,great,3.63,great,3.5,great
1705701175994,4.04,great,6.47,great,3.4,great,3.84,great,3.7,great,4.69,great,4.22,great,3.99,great
1705701176237,3.19,great,18.79,bad,6,great,6.26,great,5.06,great,5.76,great,23.88,bad,3.81,great
1705701176471,7.17,great,11.78,good,9.66,great,42.8,bad,7.8,great,24.07,bad,18.03,bad,8.53,great
1705701176715,4.46,great,13.21,good,10.18,good,27.77,bad,4.16,great,8.09,great,31.48,bad,4.73,great
1705701176979,3.64,great,14.8,good,14.13,good,24.06,bad,6.16,great,7.59,great,26.9,bad,3.72,great
1705701177209,4.49,great,10.86,good,10.38,good,6.3,great,10.19,good,11.86,good,20.97,bad,5.65,great
1705701177467,3.34,great,12.19,good,21.3,bad,26.58,bad,6.76,great,14.73,good,13.99,good,3.97,great
1705701177710,5.69,great,11.03,good,16.88,bad,20.51,bad,10.66,good,20.22,bad,10.09,good,6.51,great
1705701177978,2.94,great,10.86,good,10.68,good,115.2,bad,11.63,good,5.17,great,17.17,bad,3.33,great
1705701178213,3.16,great,10.45,good,8.81,great,229.8,bad,16.55,bad,4.65,great,17.76,bad,2.68,great
1705701178463,3.93,great,17.75,bad,4.54,great,182.38,bad,15.1,bad,6.39,great,12.49,good,5.09,great
1705701178722,2.68,great,13.24,good,2.27,great,100.86,bad,10.76,good,4.73,great,7.25,great,3.52,great
1705701178979,2.89,great,8.82,great,4.14,great,62.48,bad,8.85,great,6.46,great,10.18,good,2.96,great
1705701179211,3.93,great,8.08,great,4.29,great,18.35,bad,3.09,great,5.54,great,67.4,bad,4.81,great
1705701179465,2.85,great,3.55,great,2.85,great,12.78,good,6,great,4.62,great,22.3,bad,3.72,great
1705701179853,2.87,great,6.04,great,2.87,great,17.48,bad,5.8,great,3.63,great,8.14,great,3.48,great
1705701179964,2.21,great,6.9,great,3.1,great,14.48,good,4.41,great,5.29,great,7.22,great,2.64,great
1705701180210,3.91,great,4.52,great,3.73,great,15.36,bad,5.43,great,5.86,great,6.01,great,5.55,great
1705701180465,2.73,great,3.8,great,3.67,great,12.85,good,4.7,great,2.28,great,3.19,great,4.61,great
1705701180858,3.62,great,6.23,great,4.45,great,9.95,great,6.26,great,5.8,great,8.04,great,3.38,great
1705701180967,2.97,great,6.24,great,2.78,great,4.57,great,3.12,great,5.98,great,7,great,5.15,great
1705701181227,1.83,great,11.98,good,2.78,great,4.5,great,4.11,great,6.82,great,4.19,great,4.04,great
1705701181470,3.99,great,18.34,bad,3.81,great,4.91,great,5.43,great,5.22,great,3.97,great,3.03,great
1705701181854,3.73,great,5.68,great,2.38,great,2.87,great,8.4,great,4.25,great,4.34,great,3.9,great
1705701181967,2.96,great,4.73,great,2.41,great,5.95,great,4.58,great,4.12,great,3.6,great,3.02,great
1705701182213,5.05,great,8.56,great,3.98,great,5.36,great,5.44,great,9.16,great,9.03,great,6.03,great
1705701182460,4.97,great,7.23,great,3.03,great,12.53,good,5.2,great,4.53,great,8.21,great,5.03,great
1705701182855,3.44,great,2.77,great,3.46,great,4.88,great,2.88,great,3.67,great,3.93,great,2.6,great
1705701182976,3.55,great,13.18,good,6.95,great,9.58,great,4.91,great,21.29,bad,14.66,good,8.1,great
1705701183208,8.57,great,17.32,bad,12.95,good,8.14,great,8.95,great,37.66,bad,27.24,bad,15.39,bad
1705701183463,3.02,great,10.69,good,7.9,great,9.04,great,5.43,great,14.34,good,8.71,great,3.84,great
1705701183849,2.33,great,10.5,good,6.14,great,10.54,good,5.15,great,5.56,great,4.35,great,3.04,great
1705701183963,2.85,great,11.4,good,8.69,great,5.05,great,4.63,great,4.95,great,2.98,great,4.47,great
1705701184212,2.57,great,8.53,great,3.69,great,4.77,great,3.82,great,3.59,great,3.4,great,2.53,great
1705701184526,3.22,great,10.78,good,3.21,great,7.51,great,4.3,great,3.56,great,4.92,great,3.4,great
1705701184733,3.13,great,5.94,great,2.43,great,14.27,good,4.89,great,3.67,great,4.66,great,3.69,great
1705701184962,4.16,great,6.54,great,6.14,great,4.63,great,4.02,great,3.75,great,4.68,great,3.35,great
1705701185214,3.39,great,10.79,good,6.05,great,6.6,great,5.01,great,4.31,great,7.05,great,4.4,great
1705701185463,3.13,great,11,good,4.66,great,20.05,bad,3.44,great,5.16,great,8.06,great,3.24,great
1705701185744,3.7,great,10.22,good,4.08,great,31.83,bad,4.63,great,4.4,great,10.61,good,5.45,great
1705701185966,2.86,great,7.07,great,5.61,great,9.33,great,4.45,great,4.03,great,7.04,great,3.94,great
1705701186244,3.58,great,8.47,great,6.28,great,11.03,good,5.78,great,3.96,great,9.31,great,3.93,great
1705701186462,3.49,great,7.27,great,13.45,good,9.99,great,4.46,great,6.16,great,13.27,good,4.6,great
1705701186740,3.82,great,12.02,good,6.4,great,11.12,good,5.36,great,13.23,good,10.65,good,3.29,great
1705701186968,2.25,great,5.82,great,4.09,great,11.1,good,4.31,great,4.9,great,5.51,great,4.33,great
1705701187217,2.92,great,15.67,bad,3.5,great,5.64,great,4.61,great,4.05,great,5.1,great,3.55,great
1705701187460,3.36,great,9.03,great,3.41,great,4.03,great,3.56,great,4.75,great,5.65,great,4.3,great
1705701187732,5.02,great,6.88,great,6.01,great,6.59,great,5.47,great,4.44,great,5.29,great,4.6,great
1705701187961,3.69,great,7.59,great,6.15,great,4.95,great,3.08,great,6,great,8.82,great,3.56,great
1705701188212,2.31,great,9.86,great,3.05,great,6.17,great,3.27,great,3.68,great,10.34,good,3.19,great
1705701188464,3.42,great,4.34,great,3.88,great,4.88,great,4.17,great,3.97,great,6.81,great,3.97,great
1705701188725,2.4,great,2.67,great,3.11,great,3.49,great,2.94,great,5.31,great,4.61,great,2.91,great
1705701188963,3.55,great,11.22,good,3.53,great,4.29,great,4.66,great,4.82,great,4.31,great,4.06,great
1705701189212,2.73,great,15.42,bad,2.59,great,5.52,great,4.62,great,4.48,great,3.36,great,3.91,great
1705701189603,2.55,great,5.15,great,3.55,great,5.14,great,3.07,great,5,great,4.62,great,3.78,great
1705701189718,2.8,great,5.68,great,2.61,great,3.8,great,3.87,great,2.87,great,3.08,great,3.03,great
1705701189959,2.99,great,12.34,good,5.55,great,2.89,great,3.56,great,4.33,great,5.4,great,3,great
1705701190216,4.12,great,4.13,great,4.3,great,3.38,great,3.32,great,3.68,great,4.09,great,3.43,great
1705701190633,3.57,great,5.86,great,3.39,great,3.69,great,3.85,great,4.14,great,3.31,great,3.51,great
1705701190722,3.21,great,8.3,great,5.43,great,4.41,great,3.81,great,6.95,great,6.01,great,3.57,great
1705701190977,4.26,great,6.37,great,2.97,great,4.45,great,4.61,great,5.06,great,6.57,great,4.57,great
1705701191221,3.42,great,10.21,good,3.34,great,3.56,great,4.38,great,5.11,great,4.86,great,4.64,great
1705701191599,3.11,great,10.13,good,2.95,great,4.9,great,3.49,great,5.72,great,4.09,great,4.41,great
1705701191706,4.1,great,5.6,great,3.51,great,3.81,great,4.92,great,5.48,great,6.77,great,5.03,great
1705701191961,6.37,great,6.04,great,4.84,great,2.68,great,4.54,great,5.51,great,6.06,great,5.01,great
1705701192215,3.58,great,14.24,good,3.11,great,9.14,great,4.59,great,4.95,great,9.58,great,3,great
1705701192606,3.3,great,3.72,great,2.72,great,17.34,bad,3.52,great,3.86,great,3.04,great,3.18,great
1705701192716,3.19,great,5.93,great,4,great,4.27,great,3.65,great,2.87,great,6.3,great,4.07,great
1705701192960,3.52,great,13.54,good,5.39,great,7.37,great,5.2,great,4.14,great,4.17,great,3.43,great
1705701193213,2.94,great,7.25,great,2.71,great,10.01,good,2.94,great,2.65,great,6.09,great,2.43,great
1705701193611,2.53,great,2.92,great,3.49,great,9.45,great,3.07,great,4.38,great,4.95,great,2.87,great
1705701193730,5.04,great,7.71,great,2.38,great,9.36,great,3.34,great,4.92,great,8.85,great,3.99,great
1705701193960,2.96,great,5.96,great,2.97,great,9.43,great,3.88,great,2.88,great,4.76,great,2.36,great
1705701194219,2.93,great,6.18,great,2.08,great,22.37,bad,4.2,great,3.77,great,4.28,great,4.55,great
1705701194606,2.49,great,12.52,good,3.46,great,38.53,bad,2.49,great,5.98,great,8.01,great,4.07,great
1705701194711,2.54,great,6.65,great,2.71,great,44.7,bad,3.16,great,4.24,great,10.56,good,3.75,great
1705701194968,3.84,great,2.09,great,2.78,great,21.44,bad,2.59,great,4.77,great,5.28,great,4.97,great
1705701195219,3.03,great,6.6,great,3.4,great,8.39,great,4.74,great,4.08,great,4.92,great,3.66,great
1705701195486,2.81,great,10.3,good,2.43,great,7.3,great,2.74,great,3.2,great,6.47,great,2.04,great
1705701195735,2.12,great,5.37,great,3.15,great,4.31,great,3.29,great,4.53,great,3.15,great,2.47,great
1705701195970,2.43,great,4.26,great,3.19,great,3.57,great,2.6,great,4.44,great,5.15,great,3.39,great
1705701196239,4.14,great,8.81,great,4.47,great,4.76,great,3,great,4.57,great,6.13,great,3.77,great
1705701196485,2.62,great,2.33,great,2.14,great,3.88,great,3.23,great,4.4,great,3.27,great,3.15,great
1705701196711,2.34,great,7.53,great,2.86,great,4.12,great,2.46,great,3.68,great,4.22,great,3.54,great
1705701196959,3,great,7.51,great,3.37,great,4.42,great,4.13,great,4.71,great,6.31,great,2.87,great
1705701197211,3.25,great,4.13,great,2.34,great,3.12,great,4.09,great,2.5,great,3.38,great,3.75,great
1705701197484,2.85,great,4.26,great,2.66,great,3.41,great,2.82,great,3.71,great,3.38,great,3.26,great
1705701197713,3.34,great,3.71,great,2.7,great,5.14,great,3.97,great,5.12,great,4.99,great,4.15,great
1705701197963,3.06,great,2.75,great,2.09,great,4.14,great,3.91,great,3.12,great,4.17,great,3.06,great
1705701198220,2.15,great,6.32,great,2.38,great,8.54,great,3.01,great,3.83,great,2.55,great,2.44,great
1705701198482,2.07,great,6.99,great,2.49,great,5.14,great,2.99,great,3.56,great,4.13,great,2.65,great
1705701198713,2.69,great,4.34,great,2.89,great,2.73,great,4.07,great,3.65,great,3.28,great,3.29,great
1705701198966,2.11,great,3.4,great,2.62,great,4.15,great,3.35,great,3.58,great,4.29,great,3.57,great
1705701199214,3.02,great,5.19,great,2.42,great,8.24,great,5.71,great,5.13,great,4.45,great,4.14,great
1705701199481,3.21,great,2.29,great,1.85,great,4.13,great,3.69,great,5.19,great,4.97,great,4.39,great
1705701199711,3.75,great,4.27,great,3.35,great,5.77,great,3.43,great,4.92,great,6.19,great,4.25,great
1705701199965,3.49,great,6.46,great,2.93,great,4.44,great,3.99,great,3.56,great,6.8,great,3.98,great
1705701200364,2.42,great,3.04,great,1.72,great,5.02,great,2.81,great,3.36,great,4.1,great,3.38,great
1705701200467,4.04,great,6.65,great,3.83,great,4.48,great,5.87,great,6.93,great,8.6,great,6.79,great
1705701200752,2.24,great,4.49,great,2.5,great,5.55,great,2.56,great,6.14,great,4.05,great,4.03,great
1705701200967,3.5,great,2.52,great,3.79,great,10.04,good,3.83,great,7.91,great,8.48,great,3.02,great
1705701201374,5.12,great,17.52,bad,4.01,great,13.42,good,3.42,great,20.49,bad,13.5,good,5.78,great
1705701201464,2.62,great,6.89,great,3.49,great,14,good,4.51,great,10.49,good,19.16,bad,3.35,great
1705701201713,2.17,great,5.38,great,3.33,great,5.38,great,6.51,great,8.78,great,11.62,good,2.99,great
1705701201962,2.3,great,9.49,great,3.52,great,15.99,bad,4.87,great,6.15,great,19.4,bad,3.98,great
1705701202351,5.25,great,13.22,good,5.15,great,36.72,bad,9.29,great,11.95,good,21.07,bad,5.31,great
1705701202467,2.52,great,13.02,good,8.09,great,45.88,bad,7.95,great,9.43,great,19.74,bad,3.6,great
1705701202713,4.33,great,15.58,bad,11.47,good,35.65,bad,6.21,great,14.01,good,32.84,bad,4.71,great
1705701202969,7.87,great,18.98,bad,10.36,good,31.89,bad,11.01,good,24.12,bad,29.29,bad,8.4,great
1705701203348,4.05,great,8.57,great,10.76,good,34.66,bad,8.39,great,9.11,great,14.44,good,5.26,great
1705701203457,7.01,great,20.39,bad,28.03,bad,151.8,bad,6.08,great,14.72,good,23.13,bad,7.86,great
1705701203711,2.45,great,12.71,good,8.14,great,230.98,bad,10.02,good,16.85,bad,51.86,bad,4.17,great
1705701203957,6.34,great,7.89,great,6.29,great,94.76,bad,11.9,good,7.35,great,21.12,bad,7.9,great
1705701204996,5.18,great,24.43,bad,8.88,great,97.83,bad,10.48,good,18.46,bad,7.53,great,8.62,great
1705701205024,3.27,great,22.15,bad,6.9,great,45.86,bad,48.58,bad,8.47,great,12.56,good,4.18,great
1705701205040,2.94,great,16.05,bad,3.31,great,33.95,bad,13.87,good,7.09,great,14.69,good,4.03,great
1705701205057,4.74,great,12.1,good,26.75,bad,29.92,bad,7.62,great,6.4,great,14.11,good,5.46,great
1705701205251,2.55,great,15.11,bad,17.21,bad,7.22,great,2.51,great,8.21,great,10.43,good,3.46,great
1705701205469,2.25,great,7.86,great,5.72,great,9.7,great,5,great,8.01,great,7.05,great,3.41,great
1705701205742,2.81,great,7.61,great,4.09,great,9.49,great,5.8,great,4.76,great,17.67,bad,4.3,great
1705701205968,2.89,great,10.08,good,2.54,great,13.79,good,3.81,great,4.41,great,20.7,bad,3.69,great
1705701206268,1.94,great,7.87,great,1.45,noContact,11.02,good,4.15,great,3.71,great,9.07,great,2.1,great
1705701206485,3.6,great,7.24,great,2.74,great,7.51,great,4.54,great,3.02,great,6.64,great,3.11,great
1705701206717,2.14,great,8.23,great,2.35,great,11.52,good,3.72,great,5.3,great,4.42,great,3.33,great
1705701206961,2.75,great,2.86,great,3.97,great,10.43,good,4.93,great,4.68,great,5.03,great,4.73,great
1705701207237,2.44,great,4.86,great,2.69,great,7.2,great,3.73,great,4.96,great,4.53,great,2.93,great
1705701207465,2.33,great,6.59,great,2,great,7.98,great,2.63,great,4.64,great,5.87,great,3.21,great
1705701207727,2.62,great,3.19,great,3.48,great,5.24,great,5.07,great,3.79,great,5.1,great,3.02,great
1705701207965,2.38,great,3.73,great,2.81,great,9.36,great,3.38,great,4.33,great,5.68,great,3.28,great
1705701208223,3.13,great,6.98,great,3.68,great,12.78,good,4.28,great,4.07,great,5.86,great,3.02,great
1705701208464,2.24,great,4.63,great,3.6,great,4.06,great,2.59,great,3.82,great,4.48,great,2.55,great
1705701208703,4.97,great,5,great,2.65,great,5.61,great,3.75,great,5.18,great,5.85,great,5,great
1705701208956,8.43,great,23.61,bad,6.31,great,42.15,bad,10.52,good,12.01,good,26.89,bad,8.51,great
1705701209232,7.51,great,3.99,great,38.36,bad,74.26,bad,8.86,great,29.75,bad,34.6,bad,6.6,great
1705701209468,2.92,great,7.79,great,33.66,bad,38.49,bad,5.7,great,19.34,bad,26.55,bad,3.5,great
1705701209711,5.78,great,34.48,bad,22,bad,66.66,bad,24.99,bad,17.62,bad,19.36,bad,6.57,great
1705701209970,3.57,great,21.13,bad,12.89,good,35.52,bad,15.67,bad,8.47,great,20.39,bad,4.42,great
1705701210227,2.85,great,15.83,bad,9.08,great,4.05,great,17.85,bad,3.78,great,55.69,bad,4.62,great
1705701210466,3.9,great,19.89,bad,4.69,great,29.28,bad,12.17,good,7.35,great,32.74,bad,4.09,great
1705701210718,2.75,great,14.85,good,4.15,great,75.54,bad,23.62,bad,5.75,great,16.62,bad,3.35,great
1705701211107,2.72,great,9.85,great,1.9,great,52.51,bad,11.36,good,4.6,great,13.98,good,2.68,great
1705701211213,3.63,great,8.87,great,4.34,great,37.2,bad,11.67,good,10.93,good,25.83,bad,6.31,great
1705701211503,3.22,great,8.13,great,6.3,great,12.7,good,6.13,great,6.48,great,8.37,great,2.82,great
1705701211715,3.23,great,5.42,great,3.18,great,36.38,bad,7.16,great,15.97,bad,6.32,great,3.9,great
1705701212143,2.82,great,5.85,great,3.25,great,23.39,bad,6.22,great,4.73,great,8.54,great,2.63,great
1705701212235,2.12,great,11.78,good,5.2,great,18.31,bad,6.12,great,4.02,great,16.73,bad,3.19,great
1705701212466,3.18,great,7,great,3.19,great,9.86,great,5.39,great,4.69,great,4.1,great,4.67,great
1705701212713,3.8,great,4.15,great,4.66,great,13.74,good,4.54,great,4.35,great,7.05,great,4.5,great
1705701213111,3.74,great,5.54,great,2.86,great,17.03,bad,6.38,great,5.35,great,10.14,good,3.75,great
1705701213209,2.69,great,4.68,great,2.95,great,7.34,great,4.82,great,2.81,great,5.17,great,2.58,great
1705701213461,2.61,great,7.88,great,2.69,great,6.68,great,5.3,great,5.3,great,5.51,great,3.85,great
1705701213711,3.3,great,7.78,great,3.95,great,6.17,great,3.92,great,7.78,great,7,great,4.74,great
1705701214103,2.55,great,3.38,great,2.03,great,4.84,great,4.02,great,2.7,great,3.87,great,3.24,great
1705701214214,4.07,great,6.4,great,2.49,great,12.34,good,4.79,great,5.6,great,4.29,great,4.48,great
1705701214460,2.75,great,8.94,great,3.58,great,10.37,good,5.8,great,4.53,great,7.6,great,4.77,great
1705701214715,4.75,great,5.92,great,4.14,great,7.07,great,5.91,great,4.45,great,5.16,great,4.82,great
1705701215100,5.34,great,12.69,good,5.66,great,17.76,bad,5.78,great,5.85,great,11.6,good,4.5,great
1705701215209,4.82,great,6.75,great,3.03,great,25.79,bad,13.77,good,3.82,great,15.47,bad,5.28,great
1705701215483,2.9,great,8.06,great,4.01,great,9.11,great,3.77,great,3.96,great,5.81,great,2.62,great
1705701215734,3.41,great,5.4,great,2.47,great,20.91,bad,7.08,great,5.16,great,6.07,great,3.67,great
1705701215992,2.43,great,13.33,good,3.72,great,19.11,bad,9.49,great,4.23,great,4.43,great,4.51,great
1705701216338,4.09,great,6.85,great,3.37,great,6.02,great,5.01,great,4.35,great,10.2,good,4.39,great
1705701216489,2.66,great,9.44,great,4.35,great,5.4,great,5.92,great,3.83,great,17.06,bad,3.51,great
1705701216724,3.15,great,9.62,great,3.17,great,5.29,great,4.73,great,4.86,great,18.4,bad,3.28,great
1705701217018,2.57,great,3.03,great,2.71,great,4.9,great,4.37,great,3.78,great,6.21,great,3.21,great
1705701217210,2.74,great,6.36,great,4.08,great,6.7,great,4.63,great,7.06,great,6.36,great,2.85,great
1705701217465,3.69,great,9.42,great,2.89,great,5.13,great,5.53,great,8.86,great,9.03,great,6.12,great
1705701217719,3.31,great,3.68,great,2.96,great,4.33,great,4.75,great,3.45,great,5.37,great,3.01,great
1705701217977,3.06,great,7.02,great,5.21,great,8.06,great,3.6,great,4.73,great,3.69,great,2.6,great
1705701218210,3.16,great,9.3,great,3.5,great,8.54,great,4.71,great,5.69,great,5.87,great,2.89,great
1705701218465,2.5,great,4.36,great,5.9,great,6.08,great,5.29,great,3.54,great,3.83,great,3.82,great
1705701218713,2.95,great,5.41,great,2.15,great,5.41,great,5.06,great,5.31,great,3.51,great,4.52,great
1705701219006,2.56,great,9.85,great,4.23,great,3.06,great,10.85,good,6.2,great,5.77,great,3.23,great
1705701219223,2.33,great,6.54,great,2.55,great,2.76,great,12.9,good,3.25,great,5.13,great,3.63,great
1705701219463,2.94,great,3.23,great,2.11,great,5.88,great,7.06,great,2.56,great,3.99,great,3.53,great
1705701219705,4.06,great,5.77,great,1.92,great,3.51,great,3.02,great,5.94,great,6.8,great,3.65,great
1705701219979,2.97,great,4.19,great,2.04,great,11.31,good,4.19,great,4.95,great,4.35,great,3.87,great
1705701220222,2.34,great,3.85,great,4.37,great,21.18,bad,4.27,great,4.18,great,3.79,great,3.48,great
1705701220464,2.55,great,5.61,great,3.22,great,10.47,good,3.38,great,5.31,great,5.32,great,2.5,great
1705701220867,2.94,great,3.23,great,2.15,great,7.27,great,3.02,great,3.95,great,5.47,great,3.6,great
1705701220974,2.38,great,4.42,great,2.24,great,9.44,great,4.34,great,3.91,great,4.17,great,4.5,great
1705701221213,2.3,great,13.14,good,3.32,great,3.27,great,3.34,great,4.84,great,6.94,great,2.62,great
1705701221507,2,great,5.67,great,2.73,great,3.76,great,2.82,great,4.09,great,5.06,great,3.51,great
1705701221876,3.68,great,3.68,great,3.14,great,5.63,great,3.92,great,4.3,great,3.7,great,3.45,great
1705701221969,5.88,great,13.76,good,4.21,great,5.33,great,4.88,great,5.46,great,10.92,good,7.68,great
1705701222207,10.01,good,16.24,bad,8.87,great,15.84,bad,8.71,great,7.59,great,35.02,bad,11.34,good
1705701222475,9.23,great,22.21,bad,13.56,good,15.25,bad,7.05,great,8.36,great,29.39,bad,7.89,great
1705701222856,4.31,great,17.59,bad,12.72,good,39.34,bad,7.24,great,7.17,great,38.13,bad,3.66,great
1705701223003,2.64,great,12.76,good,8.12,great,41.1,bad,17.88,bad,6.32,great,37.93,bad,2.3,great
1705701223216,3.7,great,16.28,bad,10.58,good,84.88,bad,15.81,bad,13.28,good,21.46,bad,3.48,great
1705701223466,3.34,great,38.68,bad,9.86,great,53.09,bad,11.97,good,14.84,good,10.15,good,5.59,great
1705701223850,3.46,great,6.25,great,4.07,great,26.75,bad,10.67,good,9.38,great,12.96,good,4.19,great
1705701223962,5.96,great,5.76,great,5.07,great,9.39,great,7.42,great,6.17,great,17.31,bad,5.76,great
1705701224211,3.07,great,27.06,bad,7.37,great,23.78,bad,5.69,great,4.97,great,40.14,bad,3.66,great
1705701224465,2.92,great,30.47,bad,13.47,good,18.95,bad,9.43,great,4.78,great,44.7,bad,4.14,great
1705701224849,2.49,great,21.32,bad,5.65,great,58.81,bad,6.44,great,5.25,great,9.53,great,4.85,great
1705701224956,2.63,great,13.13,good,4.47,great,9.93,great,6.93,great,3.85,great,17.59,bad,5.11,great
1705701225211,2.24,great,8.28,great,6.9,great,6.16,great,2.37,great,3.37,great,4.26,great,2.1,great
1705701225465,2.01,great,4.63,great,4.3,great,5.88,great,4.78,great,5.25,great,4.34,great,2.51,great
1705701225907,2.24,great,7.94,great,2.8,great,12.01,good,3.91,great,4.34,great,9.9,great,3.12,great
1705701225990,2.72,great,4.12,great,2.65,great,9.26,great,4.12,great,4.59,great,7.98,great,3.4,great
1705701226213,1.96,great,3.98,great,4.22,great,10.48,good,2.97,great,5.21,great,8.91,great,3.45,great
1705701226483,3.11,great,7.81,great,6.85,great,6.73,great,3.74,great,5.84,great,11.89,good,3.49,great
1705701226748,2.4,great,3.93,great,3.75,great,28.27,bad,3.24,great,5.29,great,5.51,great,2.59,great
1705701226978,1.75,great,5.5,great,5.73,great,18.4,bad,2.81,great,4.37,great,3.05,great,2.47,great
1705701227213,2.54,great,6.76,great,6.1,great,14.84,good,3.26,great,4.77,great,6.76,great,2.52,great
1705701227466,2.73,great,3.14,great,3.49,great,7.53,great,4.63,great,3.3,great,3.46,great,3.43,great
1705701227757,2.64,great,6.2,great,4.24,great,11.57,good,5.18,great,3.64,great,8.05,great,2.39,great
1705701227964,3.5,great,5.69,great,3.1,great,4.13,great,2.39,great,3.32,great,9.31,great,3.34,great
1705701228216,4.78,great,7.25,great,4.39,great,7.73,great,5.12,great,5.37,great,7.06,great,4.2,great
1705701228463,2.57,great,8.87,great,7.54,great,26.28,bad,3.07,great,6.96,great,12.45,good,2.51,great
1705701228732,5.46,great,12.58,good,24.1,bad,47.17,bad,14.53,good,22.39,bad,21.4,bad,7.57,great
1705701228962,7.99,great,15.91,bad,18.12,bad,28.93,bad,28.71,bad,23.37,bad,35.85,bad,7.1,great
1705701229218,8.01,great,20.73,bad,6.6,great,37.65,bad,31.15,bad,14.28,good,29.52,bad,9.24,great
1705701229463,5.7,great,20.75,bad,10.17,good,24.67,bad,18.91,bad,6.48,great,21.64,bad,6.28,great
1705701229727,3.47,great,15.3,bad,8.67,great,51.85,bad,27.52,bad,6.33,great,6.73,great,5.18,great
1705701229961,2.79,great,23.78,bad,5.66,great,8.93,great,12.47,good,10.24,good,22.91,bad,2.78,great
1705701230347,3.18,great,11.4,good,4.08,great,6.22,great,9.74,great,5.49,great,9.58,great,3.38,great
1705701230484,3.02,great,20.83,bad,4.59,great,7.98,great,4.53,great,7.94,great,17.75,bad,3.92,great
1705701230867,3.44,great,7.38,great,5.75,great,14.98,good,7.52,great,7.58,great,22.17,bad,2.97,great
1705701231007,3.94,great,4.59,great,2.5,great,10.28,good,5.68,great,9.09,great,15.96,bad,3.29,great
1705701231249,3.11,great,5.88,great,3.5,great,13.71,good,3.52,great,4.94,great,9.28,great,4.64,great
1705701231650,2.88,great,9.03,great,4.32,great,9.82,great,4.74,great,6.55,great,13.23,good,3.15,great
1705701231915,3.53,great,3.68,great,2.87,great,6.46,great,3.87,great,3.31,great,3.79,great,4.24,great
1705701231968,2.61,great,4.8,great,3.24,great,6.67,great,3.91,great,6.26,great,4.75,great,5.82,great
1705701232213,2.12,great,8.82,great,3.88,great,11.13,good,3.77,great,4.94,great,8.81,great,2.6,great
1705701232601,1.81,great,2.88,great,3.06,great,5.47,great,3.8,great,4.51,great,4.58,great,2.43,great
1705701232715,2.71,great,3.04,great,3.27,great,8.3,great,4.15,great,4.45,great,5.26,great,3.89,great
1705701232965,3.25,great,7.44,great,2.83,great,8.93,great,3.93,great,4.69,great,10.23,good,3.11,great
1705701233220,3.07,great,3.52,great,2.87,great,6.33,great,3.08,great,4.12,great,3.93,great,2.78,great
1705701233635,2.49,great,3.01,great,2.58,great,3.86,great,4.01,great,3.32,great,4.46,great,4.42,great
1705701233732,3.05,great,5.69,great,5.42,great,11.76,good,3.57,great,7.11,great,5.72,great,3.35,great
1705701233979,2.26,great,2.86,great,2.87,great,6.41,great,4.52,great,3.94,great,3.34,great,3.12,great
1705701234229,3.01,great,3.53,great,2.61,great,4.05,great,5.42,great,5.47,great,3.62,great,3.8,great
1705701234646,4.52,great,9.54,great,5.44,great,5.3,great,4.06,great,8.56,great,9.66,great,4.04,great
1705701234721,5.2,great,7.24,great,4.51,great,5.12,great,6.09,great,4.24,great,6.62,great,4.84,great
1705701234961,3.55,great,4.61,great,4.27,great,9.85,great,3.8,great,5.2,great,7.09,great,5.73,great
1705701235217,19.63,bad,24.12,bad,20.8,bad,16.68,bad,17.05,bad,16.12,bad,38.34,bad,20.33,bad
1705701235603,18.54,bad,23.39,bad,15.55,bad,17.63,bad,35.72,bad,8.86,great,49.06,bad,19.81,bad
1705701235711,6.04,great,23.57,bad,18.84,bad,38.78,bad,23.01,bad,8.28,great,29.18,bad,5.19,great
1705701235966,5.15,great,23.75,bad,14.8,good,36.67,bad,14.5,good,12.44,good,12.99,good,5.38,great
1705701236212,5.6,great,35.02,bad,11.35,good,27.93,bad,8.36,great,9.25,great,6.89,great,7.78,great
1705701236525,4.9,great,17.04,bad,7.45,great,18.43,bad,8.29,great,7.41,great,12.53,good,7.11,great
1705701236734,3.71,great,24.29,bad,7.99,great,8.62,great,8.87,great,11.56,good,48.92,bad,3.54,great
1705701236966,3.09,great,4.33,great,3.42,great,5.15,great,6.29,great,4.79,great,8.2,great,3.11,great
1705701237212,3.94,great,5.06,great,2.91,great,6.7,great,3.92,great,4.89,great,15.11,bad,5.95,great
1705701237507,3.94,great,12.9,good,4.52,great,12.26,good,4.2,great,5.83,great,15.28,bad,4.17,great
1705701237712,4.02,great,3.75,great,3.3,great,11,good,5.24,great,5.35,great,10.23,good,4.74,great
1705701237962,3.44,great,4.36,great,3.2,great,4.7,great,3.04,great,3.94,great,4.68,great,3.19,great
1705701238220,3.03,great,9.46,great,4.56,great,13.09,good,4.56,great,8.77,great,11.54,good,5.62,great
1705701238486,2.67,great,4.11,great,3.72,great,6.67,great,4.06,great,5.03,great,7.79,great,3.16,great
1705701238713,2.97,great,4.33,great,3.97,great,7.03,great,4.07,great,4.5,great,5.09,great,4.6,great
1705701238965,2.52,great,9.64,great,2.88,great,9.37,great,2.65,great,7.58,great,12.9,good,3.2,great
1705701239223,3.22,great,4.35,great,2.09,great,3.65,great,3.67,great,3.19,great,5.82,great,3.11,great
1705701239479,4.04,great,6.35,great,6.27,great,6.19,great,5.99,great,5.92,great,3.38,great,4.59,great
1705701239716,5.64,great,7.33,great,9.62,great,5.42,great,14.78,good,7.76,great,13.04,good,9.51,great
1705701239961,4.67,great,3.66,great,4.33,great,13.27,good,8.16,great,7.62,great,6.71,great,5.35,great
1705701240216,7.51,great,7.96,great,4.54,great,17.75,bad,8.57,great,7.32,great,13.3,good,7.97,great
1705701240486,1.91,great,11.11,good,5.3,great,26.03,bad,4.89,great,6.86,great,9.08,great,2.92,great
1705701240718,3.21,great,7.08,great,2.88,great,21.17,bad,15.43,bad,5.32,great,4.68,great,4.44,great
1705701240972,3.08,great,3.57,great,3.24,great,9.7,great,11.2,good,2.65,great,4.69,great,4.3,great
1705701241215,3.25,great,9.24,great,4.7,great,4.31,great,7.87,great,7.15,great,11.42,good,5.05,great
1705701241536,2.82,great,3.34,great,3.47,great,5.61,great,2.94,great,5.06,great,5.96,great,2.92,great
1705701241722,2.54,great,3.26,great,2.51,great,4.54,great,3.55,great,4.29,great,4.94,great,3.78,great
1705701241972,2.11,great,5.86,great,3.72,great,6.43,great,4.83,great,6.35,great,8.57,great,3.39,great
1705701242358,2.94,great,5.6,great,3.35,great,4.9,great,6.54,great,4.12,great,4.1,great,3.46,great
1705701242483,4.34,great,5.52,great,4.44,great,5.03,great,5.71,great,5.78,great,6.93,great,3.15,great
1705701242711,8.38,great,4.56,great,2.33,great,11.06,good,14.68,good,8.22,great,12.59,good,9.03,great
1705701242964,6.98,great,3.82,great,7.86,great,18.85,bad,3.05,great,15.52,bad,12.48,good,7.36,great
1705701243353,2.48,great,14.03,good,5.49,great,10.7,good,6.91,great,8.14,great,26.16,bad,3.3,great
1705701243463,2.75,great,36.65,bad,4.23,great,19.84,bad,8.71,great,9.53,great,36.92,bad,3.49,great
1705701243718,3.2,great,9.81,great,3.87,great,13.78,good,3.92,great,4.88,great,12.92,good,3.42,great
1705701243970,3.47,great,4.71,great,2.37,great,3.37,great,7.24,great,5.03,great,10.05,good,4.13,great
1705701244413,3.09,great,10.05,good,5.68,great,5.28,great,4.68,great,7.01,great,14.01,good,4.24,great
1705701244466,3.22,great,7.47,great,4.34,great,5.64,great,4.79,great,4.79,great,12.12,good,3.54,great
1705701244709,3.17,great,4.85,great,4.46,great,6.3,great,4.14,great,4.6,great,8.86,great,3.32,great
1705701244963,2.28,great,7.91,great,3.76,great,8.39,great,5.99,great,7.7,great,15.44,bad,3.79,great
1705701245348,2.62,great,3.24,great,2.79,great,4.14,great,4.72,great,4.02,great,4.86,great,2.8,great
1705701245455,3.25,great,4.49,great,2.3,great,4.2,great,5.64,great,6.41,great,5.07,great,4.96,great
1705701245715,2.73,great,10.03,good,2.75,great,6.45,great,6.51,great,6.28,great,11.52,good,3.49,great
1705701245965,2.66,great,3.68,great,1.88,great,3.76,great,2.99,great,4.45,great,6.29,great,3.49,great
1705701246387,2.33,great,3.72,great,2.75,great,3.72,great,4.12,great,4.46,great,4.42,great,3.59,great
1705701246486,2.9,great,8.84,great,4.33,great,8.55,great,5.82,great,4.03,great,6.62,great,4.92,great
1705701246717,2.8,great,3.06,great,2.41,great,3.74,great,5.44,great,3.49,great,4.68,great,4.47,great
1705701246967,3.41,great,5.07,great,3.24,great,4.52,great,4.78,great,5.38,great,6.31,great,5.28,great
1705701247231,3.26,great,7.86,great,5.4,great,6.62,great,3.07,great,6.28,great,8.37,great,2.8,great
1705701247461,2.41,great,9.86,great,4.54,great,4.43,great,2.33,great,3.23,great,8.6,great,2.24,great
1705701247711,2.39,great,2.17,great,2.49,great,4.88,great,3.1,great,3.61,great,2.71,great,2.44,great
1705701247967,2.41,great,6.55,great,3.4,great,5.97,great,2.79,great,5.12,great,5.79,great,3.58,great
1705701248235,2.47,great,6.78,great,3.72,great,7.95,great,2.7,great,5.63,great,6.78,great,3.01,great
1705701248458,2.5,great,2.33,great,2.01,great,4.83,great,5.21,great,3.98,great,6.93,great,4.73,great
1705701248713,3.51,great,5.6,great,4.95,great,2.36,great,4.61,great,6.22,great,9.77,great,4.4,great
1705701248969,2.43,great,5.78,great,4.38,great,6.28,great,3.75,great,5.36,great,8.27,great,3.74,great
1705701249228,8.92,great,11.09,good,10.7,good,13.32,good,8.27,great,10.33,good,17.7,bad,9.02,great
1705701249470,5.06,great,20.29,bad,14.84,good,10.84,good,8.91,great,16.06,bad,28.77,bad,4.7,great
1705701249710,5.26,great,14.45,good,15.51,bad,15.36,bad,5,great,8.99,great,6.33,great,6.08,great
1705701249962,3.22,great,8.29,great,8.48,great,10.08,good,4.14,great,4.46,great,11.08,good,3.51,great
1705701250227,3.57,great,11.04,good,6.74,great,12.18,good,5.54,great,9.86,great,18.15,bad,3.21,great
1705701250466,2.44,great,18.23,bad,6.83,great,8.54,great,5.63,great,8.85,great,17.1,bad,3.48,great
1705701250709,2.51,great,13.35,good,2.59,great,2.01,great,1.76,great,1.97,great,2.75,great,2.67,great
1705701250968,2.61,great,10.42,good,4.83,great,5.73,great,2.48,great,4.19,great,6.8,great,1.9,great
1705701251231,3.34,great,11.93,good,5.21,great,3.05,great,5.42,great,5.7,great,9.25,great,2.94,great
1705701251472,2.02,great,3.61,great,1.67,great,4.88,great,5.27,great,2.64,great,3.16,great,2.88,great
1705701251712,5.22,great,7.92,great,4.82,great,6.4,great,3.83,great,4.76,great,9,great,2.57,great
1705701252105,2.1,great,6.17,great,3.07,great,3.38,great,2.57,great,3.67,great,5.52,great,3.13,great
1705701252210,2.8,great,3.17,great,2.52,great,4.27,great,4.52,great,5.1,great,5.06,great,4.51,great
1705701252468,3.29,great,12.25,good,5.97,great,5.71,great,5.53,great,7.61,great,11.15,good,5.2,great
1705701252713,8.09,great,8.16,great,10.85,good,13.49,good,17.92,bad,12.38,good,11.17,good,15.08,bad
1705701253105,5.12,great,2.53,great,4.53,great,5.99,great,15.26,bad,6.06,great,6.8,great,8.18,great
1705701253224,2.62,great,6.3,great,2.58,great,3.72,great,22.44,bad,5.59,great,7.67,great,4.15,great
1705701253461,3.72,great,4.53,great,3.81,great,5.72,great,13.99,good,5.09,great,5.28,great,7.28,great
1705701253709,5.99,great,11.35,good,7.36,great,13.74,good,11.4,good,13.26,good,10.88,good,6.73,great
1705701254108,5.69,great,8.68,great,6.31,great,19.57,bad,6.42,great,13.66,good,11.07,good,6.14,great
1705701254213,5.01,great,7.08,great,10.22,good,8.36,great,6.33,great,13.81,good,24.18,bad,5.22,great
1705701254463,2.84,great,19.17,bad,6.11,great,12.57,good,6.76,great,4.85,great,6.65,great,4.34,great
1705701254710,2.39,great,23.05,bad,9.4,great,8.74,great,4.92,great,11.85,good,22.28,bad,3.61,great
1705701255106,3.21,great,9.28,great,3.12,great,8.83,great,4.43,great,3.94,great,21.49,bad,4.5,great
1705701255212,2.33,great,4.47,great,4.33,great,19.52,bad,5.82,great,4.4,great,9.35,great,2.79,great
1705701255462,3.5,great,9.5,great,2.82,great,25.99,bad,7.59,great,8.48,great,7.28,great,4.77,great
1705701255713,2.48,great,3.52,great,1.96,great,5.22,great,4.51,great,4.02,great,5.83,great,4.83,great
1705701256106,4.5,great,9.5,great,2.39,great,10.12,good,3.53,great,6.75,great,7.98,great,4.96,great
1705701256228,4.6,great,9.32,great,2.3,great,5.99,great,3.66,great,4.36,great,7.48,great,5.21,great
1705701256472,4.1,great,2.9,great,2.17,great,7.06,great,4.41,great,6.54,great,4.93,great,6.38,great
1705701256711,3.15,great,6.33,great,3.9,great,6.71,great,5.62,great,6.42,great,8.15,great,3.59,great
1705701257101,3.27,great,4.89,great,2.74,great,6.36,great,4.63,great,3.41,great,7.34,great,3.37,great
1705701257213,2.99,great,4.87,great,2.48,great,4.35,great,4.56,great,4.78,great,4.76,great,3.86,great
1705701257463,2.9,great,7.4,great,4.7,great,3.47,great,4.73,great,5.96,great,9.48,great,3.72,great
1705701257718,3.11,great,8.3,great,5.02,great,3.91,great,5.84,great,6.92,great,10.85,good,4.37,great
1705701257979,3.25,great,3.89,great,2.47,great,3.75,great,4.01,great,3.3,great,3.25,great,3.95,great
1705701258207,3.4,great,4.29,great,2.84,great,5.82,great,3.61,great,4.48,great,9.19,great,3.49,great
1705701258455,4.24,great,6.25,great,5.59,great,5.19,great,4.89,great,5.2,great,9.45,great,5.37,great
1705701258709,2.34,great,3.69,great,3,great,3.62,great,3.59,great,3.07,great,4.06,great,3.39,great
1705701258978,2.34,great,8.78,great,3.79,great,13.82,good,3.16,great,3.81,great,7.96,great,4.47,great
1705701259213,2.58,great,6.81,great,4.23,great,10.32,good,3.8,great,2.8,great,5.49,great,2.72,great
1705701259464,2.48,great,4.5,great,2.91,great,15.62,bad,3.65,great,4.58,great,5.29,great,3.41,great
1705701259724,2.48,great,7.29,great,3.78,great,20.12,bad,3.39,great,9.73,great,15.5,bad,3.99,great
1705701259975,4.13,great,7.9,great,3.4,great,13.96,good,12.2,good,13.99,good,29.62,bad,3.52,great
1705701260211,2.84,great,9.12,great,3.6,great,14.68,good,5.38,great,16.11,bad,25.06,bad,2.28,great
1705701260463,4.78,great,17.25,bad,5.68,great,10.33,good,6.66,great,12.56,good,13.02,good,5.28,great
1705701260708,1.9,great,14.87,good,4.36,great,51.56,bad,8.21,great,6.92,great,10.05,good,3.18,great
1705701261035,2.77,great,17.99,bad,2.79,great,11.81,good,3.61,great,6.26,great,11.87,good,3.81,great
1705701261216,2.25,great,15.23,bad,3.84,great,13.5,good,3.68,great,5.98,great,9.82,great,3.17,great
1705701261477,4.9,great,6.72,great,3.42,great,9.79,great,5.17,great,3.35,great,12.04,good,4.45,great
1705701261712,2.75,great,5.77,great,2.5,great,7.25,great,5.1,great,3.5,great,8.82,great,3.37,great
1705701261977,3.18,great,6.77,great,3.71,great,9.71,great,3.2,great,6.52,great,18.16,bad,2.83,great
1705701262211,2.71,great,4.37,great,2.32,great,6.76,great,4.44,great,4.42,great,5.14,great,4.21,great
1705701262462,2.18,great,5.93,great,2.42,great,4.97,great,2.75,great,5.71,great,8.56,great,3.25,great
1705701262864,2.73,great,6.84,great,3.21,great,6.89,great,4.55,great,4.36,great,13.27,good,4.51,great
1705701262963,2.45,great,3.55,great,2.24,great,4.44,great,3.62,great,5.27,great,7.37,great,4.4,great
1705701263215,3.06,great,4.41,great,3.01,great,5.32,great,4.22,great,11.34,good,7.66,great,5.24,great
1705701263469,1.59,great,9.49,great,2.84,great,3.7,great,3.38,great,15.45,bad,14.58,good,2.13,great
1705701263852,2.88,great,2.49,great,2.22,great,5.51,great,5.17,great,5.72,great,5.02,great,3.93,great
1705701263965,2.52,great,6.42,great,2.66,great,5.88,great,4.62,great,7.07,great,7,great,4.61,great
1705701264209,2.59,great,6.64,great,3.57,great,7.29,great,2.94,great,6.23,great,9.07,great,2.82,great
1705701264469,2.72,great,2.4,great,2.12,great,4.12,great,3.72,great,3.32,great,4.53,great,3.87,great
1705701264860,2.36,great,5.69,great,3,great,4.48,great,3.22,great,6.31,great,9.41,great,2.66,great
1705701264974,2.6,great,4.77,great,1.8,great,2.54,great,4.45,great,3.7,great,6.07,great,3.42,great
1705701265216,2.9,great,4.89,great,2.48,great,3.19,great,4.16,great,4.35,great,5.19,great,4.43,great
1705701265464,3.39,great,10.75,good,4.41,great,4.32,great,4.53,great,7.32,great,12.92,good,4.57,great
1705701265886,2.7,great,3.63,great,2.06,great,4.79,great,2.2,great,3.59,great,6.84,great,2.92,great
1705701265997,4,great,5.63,great,5.18,great,20.09,bad,4.66,great,5.1,great,8.99,great,5.06,great
1705701266212,10.53,good,5.22,great,8.44,great,12.83,good,11.93,good,8.53,great,16.57,bad,11.31,good
1705701266471,13.69,good,12.35,good,7.22,great,30.28,bad,17.33,bad,11.67,good,46.32,bad,12.63,good
1705701266852,8.06,great,25.16,bad,6.75,great,39.42,bad,13.95,good,5.68,great,65.27,bad,9.34,great
1705701266966,4.85,great,62.19,bad,4.26,great,23.61,bad,27.83,bad,5.35,great,35.18,bad,3.5,great
1705701267212,2.79,great,37.63,bad,4.83,great,26.93,bad,17.41,bad,4.03,great,16.6,bad,2.98,great
1705701267466,2.98,great,14.96,good,3.97,great,17.5,bad,11.43,good,5.23,great,11.12,good,5.1,great
1705701267797,2.71,great,24.73,bad,9.65,great,7.88,great,5.41,great,9.95,great,25.89,bad,3.8,great
1705701267968,2.7,great,13.65,good,4.95,great,5.66,great,8.62,great,4.17,great,22.51,bad,3.95,great
1705701268214,2.17,great,6.12,great,2.6,great,11.92,good,2.81,great,3.4,great,7.71,great,2.69,great
1705701268470,2.96,great,9.95,great,7.36,great,9.41,great,3.44,great,8.09,great,17.13,bad,4.45,great
1705701268743,3.03,great,8.41,great,3.2,great,12.43,good,4.97,great,4.6,great,5.93,great,4.84,great
1705701268964,2.02,great,5.2,great,2.91,great,7.4,great,4.6,great,3.19,great,3.24,great,3.44,great
1705701269216,3.36,great,5.39,great,5.3,great,9.25,great,5.92,great,5.06,great,12.35,good,4.36,great
1705701269467,3.03,great,7.04,great,3.57,great,4.76,great,4.64,great,3.22,great,9.21,great,3.97,great
1705701269730,2.27,great,3.33,great,2.75,great,7.76,great,2.82,great,2.83,great,4.32,great,2.4,great
1705701269966,2.4,great,4.59,great,4.44,great,6.49,great,2.46,great,6.08,great,9.39,great,2.8,great
1705701270231,3.87,great,5.87,great,4.27,great,6.29,great,4.21,great,5.72,great,8.53,great,3.75,great
1705701270457,3.48,great,3.26,great,3.6,great,5.44,great,4.39,great,6.45,great,4.04,great,3.73,great
1705701270733,2.81,great,4.01,great,4.57,great,12.37,good,4.64,great,6.44,great,8.98,great,4.53,great
1705701270968,2.76,great,3.18,great,4.9,great,9.58,great,3.03,great,6.72,great,9.83,great,2.93,great
1705701271214,3.06,great,2.97,great,3.7,great,3.56,great,4.47,great,3.69,great,4.89,great,4.29,great
1705701271506,2.97,great,6.92,great,4.94,great,6.93,great,3.83,great,8.88,great,10.15,good,4.08,great
1705701271737,2.67,great,9.09,great,3,great,6.11,great,3.24,great,4.1,great,7.4,great,3.21,great
1705701271963,2.49,great,6.77,great,3.52,great,3.23,great,2.91,great,3.59,great,3.82,great,3.35,great
1705701272213,2.14,great,5.97,great,3.68,great,6.01,great,3.02,great,6.12,great,7.91,great,2.28,great
1705701272458,4.21,great,2.98,great,4.42,great,6.79,great,10.27,good,15.3,bad,12.03,good,8.54,great
1705701272732,10.02,good,7.25,great,4.29,great,15.33,bad,15.87,bad,22.65,bad,15.92,bad,16.6,bad
1705701272966,4.75,great,3.67,great,3.35,great,5.97,great,6.01,great,12.33,good,11.52,good,7.98,great
1705701273218,2.65,great,4.91,great,4.03,great,5.99,great,3.14,great,6.69,great,6.48,great,3.39,great
1705701273605,2.24,great,3.41,great,3.11,great,4.72,great,2.74,great,3.94,great,6.35,great,2.95,great
1705701273713,2.05,great,5.05,great,4.18,great,6.51,great,4,great,4.84,great,6.3,great,2.51,great
1705701273962,3.93,great,8.56,great,5.79,great,6.1,great,4.04,great,8.3,great,10.29,good,4.68,great
1705701274215,3.36,great,5.51,great,4.04,great,3.68,great,5.72,great,4.04,great,4.99,great,4.68,great
1705701274605,2.13,great,4.84,great,3.02,great,4.57,great,4.41,great,4.94,great,6.3,great,4.15,great
1705701274723,2.24,great,6.37,great,4.09,great,5.28,great,2.13,great,4.03,great,5.74,great,2.66,great
1705701274960,2.6,great,3.58,great,2.47,great,5.07,great,5.47,great,4.33,great,5.09,great,4.51,great
1705701275217,2.15,great,5.92,great,2.33,great,5.44,great,3.91,great,3.83,great,9.7,great,3.4,great
1705701275612,2.73,great,4.74,great,2.44,great,5.31,great,3.59,great,5.44,great,5.99,great,4.72,great
1705701275714,2.43,great,3.07,great,3.35,great,3.74,great,2.45,great,4.65,great,5.55,great,3.67,great
1705701275997,2.21,great,6.5,great,2.87,great,4.19,great,3.3,great,6.13,great,8.32,great,2.2,great
1705701276217,1.92,great,4.47,great,2.57,great,5.29,great,2.48,great,4.62,great,5.91,great,3.79,great
1705701276614,3.86,great,5.32,great,6.28,great,10.29,good,3.85,great,4.36,great,4.37,great,3.51,great
1705701276716,3.16,great,7.34,great,8.01,great,28.21,bad,4.77,great,8,great,12.01,good,4.07,great
1705701276969,4.88,great,16.42,bad,8.16,great,27.01,bad,6.44,great,4.54,great,15.62,bad,3.25,great
1705701277215,5.55,great,3.91,great,6.41,great,20.59,bad,6.03,great,3.34,great,6.29,great,5.94,great
1705701277606,3.74,great,6.2,great,7.65,great,8.57,great,9.19,great,7.27,great,17.3,bad,6.12,great
1705701277714,5.58,great,21.78,bad,6.91,great,5.96,great,7.17,great,9.09,great,14.16,good,5.5,great
1705701277959,5.51,great,6.9,great,3.89,great,19.32,bad,7.53,great,6.97,great,7.74,great,5.33,great
1705701278206,4.15,great,8.08,great,3.84,great,11.35,good,6.32,great,6.31,great,8.57,great,4.63,great
1705701278480,1.77,great,9.59,great,3.48,great,3.92,great,4.54,great,4.6,great,11.4,good,3.74,great
1705701278708,4.03,great,6.81,great,3.1,great,8.02,great,6.45,great,5.1,great,5.9,great,6.19,great
1705701278962,3.68,great,5.67,great,3.38,great,6.24,great,4.31,great,5.12,great,12.12,good,4.86,great
1705701279218,2.89,great,9.02,great,4.28,great,4.14,great,4.64,great,4.48,great,9.6,great,4.6,great
1705701279491,2.73,great,3.16,great,1.52,great,4.38,great,4.57,great,2.89,great,4.46,great,3.65,great
1705701279711,2.83,great,6.16,great,3.88,great,6.96,great,4.77,great,5.01,great,7.6,great,3.78,great
1705701279981,1.93,great,4.69,great,3.74,great,4.62,great,2.6,great,3.97,great,8.62,great,2.99,great
1705701280222,2.4,great,3.1,great,1.88,great,5.46,great,2.81,great,3.96,great,3.23,great,3.9,great
1705701280487,3.3,great,3.1,great,2.97,great,6.03,great,5.29,great,5.24,great,6.79,great,4.91,great
1705701280715,3.79,great,5.36,great,2.93,great,3.14,great,4.66,great,5.28,great,10.39,good,3.91,great
1705701280973,1.85,great,5.01,great,2.75,great,2.81,great,3.8,great,3.44,great,5.11,great,2.77,great
1705701281221,3.63,great,9.17,great,4.22,great,3.56,great,4.6,great,4.97,great,7.1,great,2.91,great
1705701281508,2.65,great,5.39,great,3.31,great,3.07,great,2.81,great,12.36,good,9.62,great,3.48,great
1705701281712,3.05,great,2.85,great,2.43,great,5.16,great,3.21,great,8.94,great,4.18,great,3.73,great
1705701281958,2.2,great,3.16,great,3.39,great,4.14,great,2.92,great,2.47,great,7.02,great,2.48,great
1705701282211,3.02,great,5.58,great,2.91,great,6.34,great,5.83,great,3.8,great,5.48,great,5.21,great
1705701282664,2.24,great,2.78,great,2.46,great,3.36,great,3.45,great,3.59,great,3.63,great,2.54,great
1705701282717,3.28,great,5.51,great,2.29,great,3.67,great,3.86,great,4.67,great,8.46,great,3.97,great
1705701282960,2.83,great,2.92,great,2.68,great,4.02,great,5.38,great,3.67,great,5.94,great,4.97,great
1705701283356,2.57,great,2.79,great,2.39,great,3.5,great,2.98,great,2.87,great,4.07,great,3.09,great
1705701283464,2.66,great,2.95,great,5.4,great,17.87,bad,3.15,great,5.27,great,6.97,great,3.58,great
1705701284281,5.45,great,2.83,great,3.61,great,14.12,good,11.28,good,4.17,great,13.99,good,5.79,great
1705701284307,2.33,great,9.96,great,2.72,great,13.34,good,4.87,great,4.92,great,20.4,bad,4.07,great
1705701284364,2.39,great,7.81,great,8.66,great,48.31,bad,7.83,great,4.35,great,24.95,bad,2.71,great
1705701284525,2.64,great,16.46,bad,10.16,good,17.49,bad,9.53,great,3.4,great,41.4,bad,2.39,great
1705701284724,2.59,great,31.52,bad,4.69,great,33.51,bad,3.02,great,3.4,great,14.87,good,3.6,great
1705701284961,3.04,great,23.29,bad,4.27,great,9.38,great,4.48,great,5.9,great,10.92,good,3.69,great
1705701285351,2.68,great,17.29,bad,4.48,great,6.97,great,5.14,great,5.11,great,5.65,great,3.54,great
1705701285465,3.17,great,6.92,great,2.81,great,12.19,good,5.16,great,3.51,great,4.95,great,3.21,great
1705701285710,3.38,great,9.89,great,4.54,great,4.74,great,3.54,great,3.7,great,11.93,good,3.96,great
1705701285968,2.08,great,11.11,good,4,great,3.64,great,3.52,great,3.54,great,9.75,great,2.48,great
1705701286345,4.09,great,5.45,great,1.88,great,4.2,great,3.82,great,2.83,great,4.53,great,3.91,great
1705701286461,2.5,great,8.97,great,6.67,great,8.38,great,5.85,great,6.29,great,11.97,good,4.5,great
1705701286717,1.41,noContact,6.89,great,5.39,great,3.84,great,5.49,great,3.87,great,11.68,good,2.99,great
1705701286971,2.72,great,3.41,great,3.2,great,6.15,great,2.54,great,4.11,great,9.36,great,2.64,great
1705701287353,2.38,great,5.34,great,4.78,great,7.07,great,3.12,great,5.16,great,10.2,good,2.81,great
1705701287462,2.76,great,4.55,great,5.86,great,5.55,great,5.13,great,6.41,great,12.91,good,4.45,great
1705701287712,2.87,great,4.36,great,3.76,great,4.53,great,3.93,great,3.92,great,5.6,great,3.71,great
1705701287956,3.75,great,8.17,great,4.93,great,9.98,great,4.95,great,3.56,great,4.96,great,4.63,great
1705701288357,3.29,great,6.07,great,4.16,great,9.55,great,6.82,great,4.91,great,18.48,bad,5.05,great
1705701288464,5.79,great,5.82,great,7.2,great,17.24,bad,8.22,great,9.52,great,13.26,good,7.24,great
1705701288712,2.68,great,18.73,bad,8.74,great,12.42,good,5.21,great,6.46,great,9.15,great,3.26,great
1705701288962,4.09,great,6.65,great,4.87,great,8.47,great,4.88,great,3.64,great,7.86,great,2.96,great
1705701289256,3.19,great,4.22,great,2.83,great,6.86,great,4.14,great,3.7,great,4.49,great,3.72,great
1705701289455,2.08,great,4,great,3.95,great,2.81,great,2.35,great,5.87,great,9.9,great,3.46,great
1705701289710,2.87,great,6.78,great,7.06,great,4.38,great,5.3,great,7.16,great,13.17,good,4.39,great
1705701289959,2.87,great,4.41,great,2.67,great,6.44,great,4.82,great,4.67,great,6.06,great,3.95,great
1705701290233,3.22,great,2.4,great,2.81,great,5.31,great,3.11,great,5.7,great,6.59,great,2.7,great
1705701290460,2.89,great,5,great,4.86,great,8.29,great,3.27,great,6.21,great,12.44,good,2.48,great
1705701290711,2.78,great,3.24,great,2.62,great,3.74,great,3.99,great,3.69,great,5.39,great,3.45,great
1705701290989,2.88,great,4.68,great,3.24,great,5.35,great,4.56,great,6.82,great,8.18,great,4.04,great
1705701291240,2.61,great,7.88,great,3.84,great,6.02,great,4,great,6.38,great,12.91,good,3.9,great
1705701291462,2.43,great,3.18,great,3.49,great,3.98,great,3.76,great,3.94,great,8.08,great,3.88,great
1705701291712,2.92,great,3.07,great,2.84,great,5.8,great,3.4,great,3.85,great,3.75,great,3.94,great
1705701291953,4.17,great,4.31,great,3.44,great,7.95,great,3.65,great,5.68,great,5.61,great,4.45,great
1705701292247,2.44,great,3.6,great,3.27,great,4.86,great,3.56,great,4.79,great,3.96,great,3.72,great
1705701292474,7.27,great,12.33,good,7.89,great,6.29,great,7.38,great,24.51,bad,16.39,bad,11.3,good
1705701292718,4.9,great,5.58,great,3.43,great,9.33,great,7.22,great,12.31,good,4.39,great,8.4,great
1705701292964,2.58,great,3.47,great,3.1,great,3.17,great,3.84,great,7.24,great,2.64,great,3.16,great
1705701293217,3.28,great,3.49,great,2.97,great,3.81,great,6.15,great,6.95,great,7.79,great,3.83,great
1705701293455,2.98,great,5.95,great,3.1,great,9.32,great,4.7,great,7.23,great,9.06,great,2.85,great
1705701293704,2.98,great,3.68,great,2.73,great,6.03,great,3.02,great,4.41,great,4.88,great,3,great
1705701294102,2.69,great,4.81,great,2.97,great,4.52,great,3.62,great,4.98,great,5.47,great,3.09,great
1705701294212,1.74,great,10.26,good,4.2,great,6.34,great,3.97,great,3.09,great,8.06,great,3.12,great
1705701294462,3.35,great,1.98,great,2.97,great,5.04,great,4.4,great,2.3,great,3.79,great,2.7,great
1705701294713,2.95,great,4.06,great,3.04,great,4.54,great,5.19,great,4.23,great,5.17,great,3.87,great
1705701295095,2.25,great,5.67,great,5.67,great,6.01,great,3.91,great,7.29,great,9.32,great,3.91,great
1705701295215,3.07,great,3.43,great,2.94,great,5.37,great,6.23,great,4.04,great,6.01,great,5.12,great
1705701295461,1.92,great,3.16,great,2.87,great,5.76,great,4.64,great,3.03,great,4.62,great,2.96,great
1705701295714,4.22,great,4.35,great,4.35,great,5.05,great,6.98,great,6.75,great,13.26,good,6.7,great
1705701296175,2.17,great,3.95,great,2.57,great,2.55,great,3.41,great,3.39,great,5,great,3.35,great
1705701296212,2.78,great,3.18,great,2.92,great,2.84,great,3.69,great,5.01,great,7.64,great,3.96,great
1705701296457,2.35,great,3.73,great,4.38,great,3.84,great,4.21,great,5.34,great,7.9,great,3.06,great
1705701296709,2.83,great,3.36,great,3.04,great,3.91,great,5.38,great,3.87,great,4.11,great,3.48,great
1705701297099,2.17,great,2.41,great,3.46,great,2.96,great,4.49,great,4.72,great,5.27,great,2.75,great
1705701297224,3.18,great,3.94,great,4.17,great,3.93,great,4,great,5.24,great,7.8,great,3.36,great
1705701297464,3.18,great,2.58,great,2.87,great,4.65,great,3.32,great,3.02,great,4.72,great,3.2,great
1705701297716,3.14,great,3.72,great,3.52,great,6.14,great,4.16,great,4.51,great,4.32,great,3.31,great
1705701298093,2.37,great,5.18,great,4.3,great,4.75,great,2.7,great,6.11,great,9.32,great,2.43,great
1705701298227,2.85,great,3.44,great,2.27,great,3.89,great,2.81,great,2.85,great,4.03,great,3.09,great
1705701298459,2.5,great,5.06,great,4.35,great,4.47,great,2.36,great,6.28,great,6.55,great,3.11,great
1705701298704,3.84,great,5.95,great,3.28,great,4.24,great,2.88,great,3.93,great,9.03,great,3.08,great
1705701298983,3.26,great,3.1,great,3.29,great,4.39,great,4.9,great,4.71,great,4.51,great,4.09,great
1705701299218,5.47,great,6.88,great,3.36,great,9.76,great,5.76,great,4.43,great,8.14,great,6.61,great
1705701299462,2.62,great,8.67,great,5.57,great,15.87,bad,6.11,great,5.74,great,10.84,good,4.94,great
1705701299716,3.25,great,4.52,great,3.63,great,26.22,bad,3.76,great,5.22,great,6.82,great,4.08,great
1705701299987,3.15,great,3.29,great,3.28,great,20.09,bad,3.28,great,4.68,great,5.64,great,4.64,great
1705701300218,3.78,great,5.2,great,2.67,great,6.62,great,5.65,great,5.05,great,8.47,great,3.39,great
1705701300462,1.99,great,2.27,great,3.2,great,4.53,great,2.31,great,2.86,great,9.74,great,2.28,great
1705701300715,3.06,great,13.17,good,3.92,great,9.62,great,3.14,great,5.49,great,10.25,good,3.83,great
1705701301012,3.94,great,26.81,bad,3.79,great,11.77,good,3.93,great,6.67,great,19.45,bad,3.45,great
1705701301232,2.6,great,19.49,bad,2.24,great,11.43,good,3.48,great,4.34,great,9.2,great,3,great
1705701301463,4.35,great,8.65,great,4.37,great,3.2,great,4.65,great,4.43,great,5.34,great,4.85,great
1705701301712,2.69,great,5.39,great,3.37,great,6.57,great,3.11,great,5.76,great,12.34,good,3.81,great
1705701301991,2.13,great,3.62,great,2.3,great,6.22,great,4.2,great,3.37,great,7.93,great,3.69,great
1705701302223,1.45,noContact,5.31,great,3.87,great,4.39,great,3.17,great,4.88,great,7.99,great,2.78,great
1705701302472,1.87,great,9.65,great,3.55,great,5.02,great,3.82,great,4.79,great,10.83,good,2.65,great
1705701302711,2.42,great,3.63,great,3.39,great,2.39,great,2.91,great,4.04,great,3.23,great,3,great
1705701302982,3.01,great,4.17,great,4.18,great,3.75,great,3.31,great,4.29,great,5.99,great,3.03,great
1705701303211,2.3,great,6.53,great,2.13,great,3.3,great,2.43,great,4.73,great,10.55,good,3.29,great
1705701303462,2.45,great,3.98,great,2.26,great,1.83,great,2.2,great,3.65,great,5.93,great,2.96,great
1705701303714,2.2,great,3.8,great,2.63,great,3,great,2.28,great,2.83,great,3.36,great,2.29,great
1705701303973,1.69,great,7.76,great,3.58,great,7.8,great,2.6,great,5.84,great,8.8,great,3.43,great
1705701304210,3.12,great,7.9,great,2.11,great,12.02,good,4.51,great,3.62,great,8.32,great,3.22,great
1705701304467,3.14,great,3.73,great,2.84,great,11.97,good,3.44,great,4.33,great,4.4,great,3.15,great
1705701304860,3.5,great,8.01,great,3.09,great,6.06,great,3.38,great,4.28,great,8.67,great,2.53,great
1705701304975,2.77,great,8.19,great,3.85,great,8.42,great,2.13,great,4.1,great,6.96,great,2.66,great
1705701305215,3.23,great,16.57,bad,2.18,great,3.19,great,2.75,great,3.35,great,3.33,great,2.95,great
1705701305462,2.39,great,9.2,great,3.82,great,7.23,great,3.63,great,4.95,great,9.82,great,4.04,great
1705701305849,3.26,great,10.21,good,3.36,great,4.52,great,4.21,great,4.51,great,5.38,great,2.65,great
1705701305961,3.86,great,6.18,great,3.31,great,3.76,great,3.98,great,3.3,great,4.64,great,4.02,great
1705701306217,2.86,great,7.99,great,5.2,great,2.88,great,2.85,great,6.74,great,11.25,good,4.41,great
1705701306468,2.89,great,4.46,great,2.72,great,4.34,great,4.78,great,3.84,great,5.45,great,3.66,great
1705701306865,3.39,great,4.48,great,2.31,great,4.37,great,4.33,great,4.17,great,4.55,great,4.13,great
1705701306964,3.52,great,6.87,great,3.71,great,8.02,great,5.15,great,5.1,great,9.05,great,3.49,great
1705701307215,2.16,great,3.97,great,1.63,great,4.1,great,3.71,great,4.65,great,7.15,great,3.38,great
1705701307462,3.43,great,3.68,great,2.23,great,3.7,great,5.32,great,3.81,great,4.33,great,5.25,great
1705701307852,3,great,6.51,great,3.3,great,3.6,great,4.95,great,4.2,great,8.74,great,4.52,great
1705701307969,1.8,great,4.6,great,2.95,great,3.3,great,4.39,great,3.73,great,3.83,great,2.66,great
1705701308211,3.33,great,2.77,great,2.26,great,5.04,great,6.68,great,4.12,great,3.71,great,4.68,great
1705701308463,2.89,great,7.98,great,5.36,great,6.31,great,3.33,great,3.76,great,9.14,great,2.38,great
1705701308857,4.14,great,4.05,great,2.87,great,5.26,great,6.81,great,7.22,great,7.53,great,7.2,great
1705701308969,3.88,great,3.24,great,3.09,great,5.03,great,4.72,great,4.11,great,4.05,great,4.88,great
1705701309209,2.45,great,6.83,great,4.55,great,3.48,great,2.93,great,5.66,great,10.57,good,2.6,great
1705701309464,2.01,great,5.65,great,2.42,great,5.32,great,4.39,great,4.26,great,9.95,great,3.88,great
1705701309732,4.38,great,6.04,great,3.8,great,7.27,great,3.63,great,4.96,great,8.41,great,4.62,great
1705701309965,6.61,great,12.31,good,6.75,great,27.67,bad,5.67,great,6.89,great,13.89,good,8.12,great
1705701310213,4.47,great,12.01,good,6.89,great,15.92,bad,5.78,great,11.89,good,26.27,bad,6.14,great
1705701310464,3.64,great,27.95,bad,5.46,great,114.83,bad,8.72,great,7.67,great,14.96,good,4.61,great
1705701310732,3.09,great,30.7,bad,7.62,great,119.74,bad,12.98,good,7.38,great,14.42,good,3.22,great
1705701310991,2.22,great,21.78,bad,9.78,great,37.75,bad,7.36,great,5.76,great,10.61,good,2.92,great
1705701311225,1.69,great,4.42,great,2.89,great,31.03,bad,12.94,good,4.5,great,5.06,great,3.48,great
1705701311459,2.17,great,8.58,great,5.02,great,28.06,bad,6.58,great,4.2,great,9.65,great,4.05,great
1705701311762,2.81,great,19.71,bad,6.33,great,28.7,bad,3.68,great,5.78,great,48.08,bad,3.31,great
1705701311958,1.98,great,14.21,good,2.99,great,19.87,bad,2.54,great,3.12,great,17.69,bad,1.96,great
1705701312218,1.29,noContact,21.23,bad,4.48,great,23.11,bad,2.94,great,5.34,great,12.05,good,1.98,great
1705701312465,2.33,great,19.48,bad,8.87,great,9.59,great,3.69,great,6.69,great,16.54,bad,3.49,great
1705701312727,2.34,great,7.82,great,2.59,great,7.02,great,2.93,great,4.61,great,8.02,great,3.01,great
1705701312963,3.16,great,4.2,great,4.88,great,21.59,bad,3.22,great,5.04,great,10.22,good,3.33,great
1705701313212,3.09,great,3.4,great,5.94,great,12.29,good,5.4,great,4.2,great,18.19,bad,4.41,great
1705701313464,2.78,great,3.85,great,2.85,great,11.89,good,3.39,great,4.31,great,13.96,good,4,great
1705701313727,2.87,great,4.11,great,4.25,great,8.29,great,4.32,great,5.2,great,8.74,great,4.12,great
1705701313960,2.94,great,7.58,great,3.59,great,12.5,good,5.2,great,4.4,great,12,good,4.07,great
1705701314217,2.13,great,3.35,great,2.08,great,4.88,great,3.66,great,8.01,great,4.75,great,3.16,great
1705701314603,1.92,great,2.54,great,2.93,great,5.29,great,3.77,great,4.69,great,3.95,great,2.28,great
1705701314713,1.86,great,4.68,great,3.6,great,5.73,great,5.17,great,3.57,great,8.67,great,1.89,great
1705701314965,2.51,great,3.14,great,2.64,great,4.62,great,2.89,great,2.63,great,7.6,great,2.59,great
1705701315208,2.99,great,4.1,great,3.29,great,7.79,great,3.69,great,4.63,great,6.61,great,2.97,great
1705701315605,2.53,great,4.69,great,2.65,great,5.37,great,3.92,great,3.51,great,6.51,great,3.73,great
1705701315713,3.73,great,2.49,great,2.38,great,5.64,great,4.65,great,4.83,great,4.64,great,4.86,great
1705701315961,5.05,great,2.71,great,5.6,great,8.38,great,3.05,great,3.59,great,7.54,great,4.12,great
1705701316221,8.41,great,15.18,bad,10.02,good,14.36,good,16.1,bad,6.52,great,32.19,bad,10.22,good
1705701316630,4.97,great,25.24,bad,24.73,bad,67.61,bad,11.48,good,18.73,bad,51.55,bad,4.82,great
1705701316729,7.3,great,35.92,bad,27.74,bad,91.33,bad,5.7,great,19.82,bad,59.5,bad,7.6,great
1705701316964,9.16,great,59.21,bad,12.03,good,35.02,bad,4.29,great,4.28,great,42.98,bad,9.59,great
1705701317211,7.83,great,13.01,good,12.3,good,30.96,bad,4.61,great,5.08,great,29.81,bad,6.97,great
1705701317599,3.59,great,20.72,bad,10.55,good,27.97,bad,6.62,great,6.89,great,26.5,bad,3.8,great
1705701317710,2.36,great,13.54,good,15,bad,29.1,bad,6.42,great,4.83,great,24.79,bad,3.15,great
1705701317961,2.95,great,3.5,great,5.65,great,18.12,bad,5.51,great,4.35,great,33.8,bad,3.86,great
1705701318211,2.12,great,7.88,great,5.19,great,10.35,good,2.86,great,4.09,great,9.94,great,2.34,great
1705701318632,2.81,great,28.48,bad,7.74,great,5.15,great,5.08,great,7.68,great,14.06,good,4.27,great
1705701318738,2.6,great,19.37,bad,3.14,great,4.53,great,5.76,great,4.31,great,11.32,good,4.24,great
1705701318968,2.89,great,8.27,great,5.28,great,6.56,great,2.33,great,4.5,great,14.16,good,1.91,great
1705701319210,2.58,great,6.28,great,5.93,great,3.89,great,6.25,great,7.09,great,13.23,good,4.87,great
1705701319597,2.72,great,5.06,great,2.82,great,3.33,great,3.62,great,4.34,great,5.7,great,2.73,great
1705701319714,2.97,great,4.76,great,3.48,great,6.32,great,4.09,great,6.71,great,15.4,bad,3.4,great
1705701319966,2.39,great,7.6,great,4.35,great,6.16,great,4.16,great,7.22,great,25.94,bad,2.71,great
1705701320221,1.7,great,4.05,great,3.47,great,5.04,great,3.66,great,4.15,great,6.95,great,3.06,great
1705701320483,4.9,great,7.97,great,9.79,great,10.95,good,10.16,good,10.64,good,4.36,great,3.49,great
1705701320709,3.07,great,8.01,great,6.76,great,5.49,great,7.34,great,5.04,great,7.78,great,4.06,great
1705701320997,2.49,great,1.44,noContact,3.89,great,4.74,great,3.93,great,4.54,great,14.1,good,4.07,great
1705701321211,2.36,great,3.93,great,3.57,great,7.27,great,5.01,great,4.78,great,10.91,good,3.64,great
1705701321492,2.51,great,4.7,great,3.64,great,5.2,great,3.45,great,3.26,great,5.94,great,3.19,great
1705701321786,3.25,great,3.85,great,3.96,great,4.84,great,5.65,great,3.25,great,3.6,great,4.55,great
1705701321963,2.15,great,4.82,great,4.98,great,4.59,great,2.89,great,7.75,great,5.08,great,4.65,great
1705701322220,3.9,great,6.88,great,8.17,great,4.72,great,4.44,great,5.46,great,5.13,great,5.65,great
1705701322479,5.78,great,7.7,great,15.17,bad,6.62,great,7.73,great,6.96,great,5.54,great,5.67,great
1705701322709,4.78,great,8.86,great,6.54,great,10.63,good,7.15,great,7.79,great,9.3,great,5.19,great
1705701322965,3.87,great,5.45,great,5.28,great,9,great,3.73,great,5.76,great,5.67,great,5.42,great
1705701323207,5.85,great,3.13,great,2.61,great,6.05,great,5.26,great,4.59,great,5.23,great,7.35,great
1705701323479,11.58,good,4.19,great,2.52,great,14,good,12.61,good,6.49,great,18.54,bad,12,good
1705701323711,8.33,great,13.46,good,8.24,great,8.77,great,16.2,bad,14.94,good,48.28,bad,10.78,good
1705701323965,4.04,great,7.91,great,8.33,great,41.02,bad,11.16,good,12.7,good,25.24,bad,4.65,great
1705701324215,3.35,great,9.31,great,9.22,great,18.91,bad,6.69,great,17.6,bad,9.28,great,3.22,great
1705701324478,2.8,great,6.89,great,3.74,great,11.05,good,4.53,great,4.27,great,12.87,good,4.22,great
1705701324718,3.17,great,14.23,good,2.37,great,7.8,great,3.06,great,4.92,great,5.79,great,3.94,great
1705701324967,2.78,great,11.35,good,8.26,great,4.74,great,5.45,great,7.98,great,13.5,good,4.19,great
1705701325351,2.99,great,25.03,bad,2.49,great,10.67,good,2.9,great,4.16,great,5.62,great,4.03,great
1705701325459,10.16,good,17.41,bad,8.79,great,10.03,good,16.99,bad,23.93,bad,19.7,bad,17.38,bad
1705701325710,10.59,good,24.05,bad,4.92,great,15.18,bad,18.42,bad,28.69,bad,27.55,bad,17.77,bad
1705701325957,4.01,great,13.25,good,3.83,great,8.61,great,5.55,great,8.16,great,5.81,great,4.04,great
1705701326360,2.76,great,6.66,great,5.1,great,15.4,bad,4.34,great,8.15,great,10.06,good,6.51,great
1705701326476,3.69,great,9.35,great,8.11,great,15.18,bad,9.94,great,7.19,great,13.38,good,6.39,great
1705701326713,2.25,great,6.71,great,3.33,great,23.13,bad,6.06,great,7.05,great,5.55,great,5.25,great
1705701326967,4.15,great,11.5,good,3.17,great,7.62,great,6.7,great,16.58,bad,12.14,good,5.98,great
1705701327366,3.03,great,8.62,great,6.26,great,7.4,great,3.89,great,4.72,great,7.74,great,3.7,great
1705701327529,7.33,great,6.31,great,3.74,great,13.08,good,8.06,great,12.53,good,9.79,great,8.74,great
1705701327710,4.4,great,6.41,great,6.9,great,5.99,great,5.43,great,8.45,great,8.22,great,5.59,great
1705701327964,4.14,great,5.63,great,7.32,great,6.21,great,5.3,great,7.91,great,12.02,good,3.86,great